11:23:13,-62.5,4
11:23:13,-62.5,4
11:23:13,-67.5,4
11:23:14,-60.0,4
11:23:14,-66.0,4
11:23:14,-63.0,4
11:23:14,-63.5,1
11:23:14,-62.5,4
11:23:14,-62.5,4
11:23:14,-65.5,1
11:23:14,-66.0,1
11:23:14,-63.0,4
11:23:14,-63.0,4
11:23:14,-64.5,1
11:23:14,-64.0,1
11:23:14,-62.5,4
11:23:14,-61.5,4
11:23:14,-61.5,1
11:23:14,-61.0,1
11:23:14,-61.0,4
11:23:14,-60.5,4
11:23:14,-60.0,1
11:23:14,-60.5,1
11:23:15,-61.0,4
11:23:15,-61.5,4
11:23:15,-61.0,1
11:23:15,-61.5,1
11:23:15,-61.0,4
11:23:15,-60.5,4
11:23:15,-61.5,1
11:23:15,-63.0,1
11:23:15,-60.5,4
11:23:15,-60.5,4
11:23:15,-61.5,1
11:23:15,-61.5,1
11:23:15,-57.5,1
11:23:15,-58.0,1
11:23:15,-64.0,4
11:23:15,-64.5,4
11:23:15,-59.0,1
11:23:15,-59.0,1
11:23:15,-60.0,1
11:23:15,-60.5,1
11:23:15,-61.5,1
11:23:15,-61.0,1
11:23:15,-61.5,1
11:23:15,-62.0,1
11:23:15,-62.5,1
11:23:16,-63.5,1
11:23:16,-65.0,1
11:23:16,-64.5,1
11:23:16,-67.0,4
11:23:16,-66.0,4
11:23:16,-65.5,4
11:23:16,-67.0,4
11:23:16,-67.5,4
11:23:16,-67.5,4
11:23:16,-66.5,1
11:23:16,-66.0,1
11:23:17,-66.0,1
11:23:17,-65.5,1
11:23:17,-65.5,1
11:23:17,-64.5,1
11:23:17,-65.5,1
11:23:17,-67.0,1
11:23:17,-67.5,4
11:23:17,-66.5,4
11:23:17,-65.0,1
11:23:17,-65.5,1
11:23:17,-65.0,1
11:23:17,-64.5,1
11:23:17,-61.5,4
11:23:17,-62.5,4
11:23:17,-63.5,1
11:23:17,-63.5,1
11:23:17,-62.5,4
11:23:17,-61.5,4
11:23:17,-63.5,1
11:23:17,-63.5,1
11:23:18,-60.5,4
11:23:18,-60.5,4
11:23:18,-63.0,1
11:23:18,-62.5,1
11:23:18,-60.5,4
11:23:18,-60.5,4
11:23:18,-63.5,1
11:23:18,-62.5,1
11:23:18,-60.5,4
11:23:18,-61.0,4
11:23:18,-62.5,1
11:23:18,-62.5,1
11:23:18,-60.0,4
11:23:18,-59.5,4
11:23:18,-62.5,1
11:23:18,-62.5,1
11:23:18,-60.0,4
11:23:18,-60.0,4
11:23:18,-61.5,1
11:23:18,-61.5,1
11:23:18,-60.0,4
11:23:18,-60.0,4
11:23:18,-61.0,1
11:23:18,-60.0,4
11:23:18,-60.5,4
11:23:18,-61.0,1
11:23:18,-61.0,1
11:23:18,-60.5,4
11:23:19,-61.0,4
11:23:19,-62.5,1
11:23:19,-62.5,1
11:23:19,-60.5,4
11:23:19,-60.5,4
11:23:19,-64.5,1
11:23:19,-64.0,1
11:23:19,-61.0,4
11:23:19,-61.0,4
11:23:19,-65.0,1
11:23:19,-65.0,1
11:23:19,-60.5,4
11:23:19,-60.5,4
11:23:19,-63.5,1
11:23:19,-63.0,1
11:23:19,-60.5,4
11:23:19,-60.0,4
11:23:19,-63.5,1
11:23:19,-63.0,1
11:23:19,-61.0,4
11:23:19,-60.5,4
11:23:19,-64.0,1
11:23:19,-65.0,1
11:23:19,-66.0,1
11:23:19,-66.0,1
11:23:19,-60.0,4
11:23:20,-60.0,4
11:23:20,-64.5,1
11:23:20,-65.0,1
11:23:20,-60.0,4
11:23:20,-60.0,4
11:23:20,-63.5,1
11:23:20,-63.5,1
11:23:20,-61.0,4
11:23:20,-61.0,4
11:23:20,-63.5,1
11:23:20,-63.5,1
11:23:20,-62.0,4
11:23:20,-62.5,4
11:23:20,-63.5,1
11:23:20,-63.5,1
11:23:20,-63.5,4
11:23:20,-64.5,4
11:23:20,-64.0,1
11:23:20,-64.0,1
11:23:20,-64.0,1
11:23:20,-64.0,1
11:23:20,-65.5,1
11:23:20,-64.5,1
11:23:21,-67.5,1
11:23:21,-67.0,1
11:23:21,-65.0,1
11:23:21,-65.0,1
11:23:21,-64.5,1
11:23:21,-65.0,1
11:23:21,-65.5,1
11:23:21,-65.0,1
11:23:21,-66.0,1
11:23:21,-65.5,1
11:23:21,-64.0,1
11:23:21,-64.5,1
11:23:21,-67.0,4
11:23:21,-67.5,4
11:23:21,-64.0,1
11:23:21,-63.5,1
11:23:22,-67.0,1
11:23:22,-65.0,1
11:23:22,-65.0,1
11:23:22,-64.5,1
11:23:22,-67.5,4
11:23:22,-67.5,4
11:23:22,-64.5,1
11:23:22,-64.5,1
11:23:22,-65.0,1
11:23:22,-64.0,1
11:23:22,-65.0,1
11:23:22,-64.5,1
11:23:23,-66.5,1
11:23:23,-66.5,1
11:23:23,-66.0,1
11:23:23,-66.5,1
11:23:23,-65.5,1
11:23:23,-65.5,1
11:23:23,-64.0,1
11:23:23,-66.0,1
11:23:23,-66.0,1
11:23:23,-66.0,1
11:23:23,-66.5,1
11:23:23,-66.5,1
11:23:23,-64.5,1
11:23:23,-65.0,1
11:23:23,-64.0,1
11:23:24,-64.5,1
11:23:24,-65.5,1
11:23:24,-65.0,1
11:23:24,-66.0,1
11:23:24,-67.0,1
11:23:24,-65.0,1
11:23:24,-64.0,1
11:23:24,-64.0,1
11:23:24,-64.0,1
11:23:24,-64.5,1
11:23:24,-64.0,1
11:23:24,-65.0,1
11:23:24,-64.0,1
11:23:24,-64.0,1
11:23:24,-64.5,1
11:23:25,-65.0,1
11:23:25,-65.0,1
11:23:25,-66.0,1
11:23:25,-66.5,1
11:23:25,-65.5,1
11:23:25,-66.0,1
11:23:25,-65.0,1
11:23:25,-65.0,1
11:23:25,-65.0,1
11:23:25,-65.0,1
11:23:25,-66.5,1
11:23:25,-66.5,1
11:23:25,-64.5,1
11:23:26,-65.0,1
11:23:26,-67.5,4
11:23:26,-67.5,4
11:23:26,-65.0,1
11:23:26,-65.5,1
11:23:26,-66.0,1
11:23:26,-65.5,1
11:23:26,-66.5,1
11:23:26,-65.5,1
11:23:26,-66.5,1
11:23:26,-66.5,1
11:23:26,-67.5,4
11:23:26,-67.5,4
11:23:27,-64.5,1
11:23:27,-64.5,1
11:23:27,-67.5,4
11:23:27,-65.0,1
11:23:27,-65.5,4
11:23:27,-67.0,4
11:23:27,-65.5,1
11:23:27,-65.5,1
11:23:27,-65.0,1
11:23:27,-65.0,1
11:23:27,-65.0,1
11:23:27,-66.0,1
11:23:27,-66.0,1
11:23:27,-65.5,1
11:23:27,-65.5,1
11:23:27,-66.5,1
11:23:28,-65.5,1
11:23:28,-64.5,1
11:23:28,-66.5,1
11:23:28,-66.5,1
11:23:28,-66.5,1
11:23:28,-65.5,1
11:23:28,-65.5,1
11:23:28,-67.5,4
11:23:28,-67.5,4
11:23:28,-66.5,4
11:23:28,-65.5,1
11:23:29,-66.0,1
11:23:29,-65.0,4
11:23:29,-65.5,4
11:23:29,-65.0,1
11:23:29,-64.0,1
11:23:29,-67.5,4
11:23:29,-68.0,4
11:23:29,-64.0,1
11:23:29,-64.5,1
11:23:29,-67.5,4
11:23:29,-66.0,4
11:23:29,-64.5,1
11:23:29,-63.5,1
11:23:29,-65.0,4
11:23:29,-64.5,4
11:23:29,-63.0,1
11:23:29,-64.0,1
11:23:29,-64.0,1
11:23:29,-63.5,1
11:23:29,-63.5,1
11:23:29,-64.0,1
11:23:29,-65.5,4
11:23:29,-65.0,4
11:23:29,-64.5,1
11:23:29,-64.0,1
11:23:30,-65.5,1
11:23:30,-64.5,1
11:23:30,-65.0,1
11:23:30,-63.5,1
11:23:30,-63.5,1
11:23:30,-63.5,1
11:23:30,-62.5,1
11:23:30,-63.5,1
11:23:30,-67.5,4
11:23:30,-62.5,1
11:23:30,-67.5,4
11:23:30,-63.5,1
11:23:30,-68.0,4
11:23:30,-64.0,1
11:23:31,-64.5,1
11:23:31,-64.0,1
11:23:31,-64.0,1
11:23:31,-64.0,1
11:23:31,-63.5,1
11:23:31,-63.0,1
11:23:31,-68.0,4
11:23:31,-63.5,1
11:23:31,-68.0,4
11:23:31,-68.0,4
11:23:31,-64.0,1
11:23:31,-64.0,1
11:23:31,-67.0,1
11:23:31,-66.5,1
11:23:31,-67.0,1
11:23:31,-65.0,1
11:23:31,-65.5,1
11:23:31,-65.5,1
11:23:32,-67.0,1
11:23:32,-66.5,1
11:23:32,-66.5,1
11:23:32,-65.5,1
11:23:32,-65.5,1
11:23:32,-65.5,1
11:23:32,-67.5,4
11:23:32,-65.5,4
11:23:32,-65.5,1
11:23:32,-65.5,1
11:23:32,-67.5,4
11:23:32,-67.5,4
11:23:32,-65.0,1
11:23:32,-65.0,1
11:23:32,-65.0,1
11:23:32,-65.5,1
11:23:32,-66.0,1
11:23:33,-65.5,1
11:23:33,-65.0,1
11:23:33,-66.5,1
11:23:33,-67.0,1
11:23:33,-66.5,1
11:23:33,-66.5,1
11:23:33,-66.5,1
11:23:33,-65.5,1
11:23:33,-66.0,1
11:23:33,-65.0,1
11:23:33,-65.0,1
11:23:33,-65.5,1
11:23:33,-65.0,1
11:23:33,-65.5,1
11:23:33,-67.0,1
11:23:33,-66.0,1
11:23:34,-66.5,1
11:23:34,-67.0,1
11:23:34,-66.5,1
11:23:34,-66.5,1
11:23:34,-65.5,1
11:23:34,-66.0,1
11:23:34,-65.5,1
11:23:34,-65.5,1
11:23:34,-66.0,1
11:23:34,-66.0,1
11:23:34,-67.0,1
11:23:34,-67.0,1
11:23:35,-66.0,1
11:23:35,-65.0,1
11:23:35,-65.5,1
11:23:35,-65.5,1
11:23:35,-64.5,1
11:23:35,-65.5,1
11:23:35,-64.5,1
11:23:35,-64.5,1
11:23:35,-64.5,1
11:23:35,-64.5,1
11:23:35,-65.0,1
11:23:35,-66.0,1
11:23:35,-67.0,1
11:23:35,-66.0,1
11:23:35,-66.0,1
11:23:35,-66.0,1
11:23:35,-65.5,1
11:23:35,-65.0,1
11:23:35,-64.5,1
11:23:36,-64.5,1
11:23:36,-67.0,1
11:23:36,-65.0,1
11:23:36,-65.0,1
11:23:36,-65.0,1
11:23:36,-65.0,1
11:23:36,-66.0,1
11:23:36,-65.0,1
11:23:36,-65.0,1
11:23:36,-65.0,1
11:23:36,-65.5,1
11:23:36,-65.5,1
11:23:36,-67.5,4
11:23:36,-68.0,4
11:23:37,-65.0,1
11:23:37,-65.5,1
11:23:37,-66.0,1
11:23:37,-66.5,1
11:23:37,-65.0,1
11:23:37,-65.5,1
11:23:37,-65.0,1
11:23:37,-66.0,1
11:23:37,-65.5,4
11:23:37,-66.0,4
11:23:37,-65.5,1
11:23:37,-66.5,1
11:23:37,-67.0,4
11:23:37,-65.5,4
11:23:37,-64.5,1
11:23:37,-65.0,1
11:23:37,-65.0,4
11:23:37,-66.5,4
11:23:37,-64.0,1
11:23:37,-65.0,1
11:23:38,-65.0,1
11:23:38,-64.5,1
11:23:38,-66.0,4
11:23:38,-66.0,4
11:23:38,-64.5,1
11:23:38,-64.0,1
11:23:38,-65.0,4
11:23:38,-65.5,4
11:23:38,-64.5,1
11:23:38,-64.5,1
11:23:38,-66.0,1
11:23:38,-66.0,1
11:23:38,-66.0,1
11:23:38,-64.0,1
11:23:38,-64.0,1
11:23:38,-63.5,1
11:23:38,-64.0,1
11:23:38,-64.0,1
11:23:38,-64.0,1
11:23:38,-63.5,1
11:23:39,-64.0,1
11:23:39,-64.0,1
11:23:39,-64.0,1
11:23:39,-65.0,1
11:23:39,-64.5,1
11:23:39,-65.5,1
11:23:39,-66.0,1
11:23:39,-64.0,1
11:23:39,-63.5,1
11:23:39,-65.0,1
11:23:39,-64.0,1
11:23:39,-65.5,1
11:23:39,-65.0,1
11:23:39,-65.0,1
11:23:39,-66.0,4
11:23:39,-66.5,4
11:23:40,-66.0,1
11:23:40,-66.0,1
11:23:40,-67.0,4
11:23:40,-66.0,4
11:23:40,-66.0,1
11:23:40,-66.0,1
11:23:40,-65.0,1
11:23:40,-65.0,1
11:23:40,-65.0,1
11:23:40,-65.0,1
11:23:40,-65.5,4
11:23:40,-65.0,4
11:23:40,-65.0,1
11:23:40,-66.0,1
11:23:41,-65.5,4
11:23:41,-64.5,1
11:23:41,-67.5,4
11:23:41,-64.0,1
11:23:41,-63.5,1
11:23:41,-64.0,1
11:23:41,-64.5,1
11:23:41,-64.0,1
11:23:41,-64.0,1
11:23:41,-64.0,1
11:23:41,-64.5,1
11:23:41,-63.5,1
11:23:41,-64.0,1
11:23:41,-64.0,1
11:23:41,-64.0,1
11:23:41,-64.5,1
11:23:41,-64.5,1
11:23:42,-65.0,1
11:23:42,-64.5,1
11:23:42,-64.5,1
11:23:42,-64.0,1
11:23:42,-64.0,1
11:23:42,-64.5,1
11:23:42,-64.5,1
11:23:42,-65.5,1
11:23:42,-67.5,4
11:23:42,-67.5,4
11:23:42,-65.5,1
11:23:42,-66.0,1
11:23:42,-65.0,1
11:23:42,-65.0,1
11:23:42,-67.0,1
11:23:43,-65.5,1
11:23:43,-66.0,1
11:23:43,-67.5,4
11:23:43,-67.5,4
11:23:43,-65.0,1
11:23:43,-65.5,1
11:23:43,-67.5,4
11:23:43,-67.5,4
11:23:43,-65.5,1
11:23:43,-64.5,1
11:23:43,-66.5,1
11:23:43,-66.5,1
11:23:43,-64.0,1
11:23:43,-64.5,1
11:23:43,-65.0,1
11:23:43,-65.5,1
11:23:43,-65.0,1
11:23:43,-66.0,1
11:23:43,-65.5,1
11:23:43,-64.5,1
11:23:43,-64.5,1
11:23:44,-64.0,1
11:23:44,-63.5,1
11:23:44,-65.0,1
11:23:44,-67.0,1
11:23:44,-66.5,1
11:23:44,-66.0,1
11:23:44,-67.0,1
11:23:44,-65.5,1
11:23:44,-65.5,1
11:23:44,-66.5,1
11:23:44,-67.0,1
11:23:44,-66.5,1
11:23:44,-65.5,1
11:23:45,-65.5,1
11:23:45,-66.5,1
11:23:45,-64.5,1
11:23:45,-65.5,1
11:23:45,-64.0,1
11:23:45,-65.0,1
11:23:45,-65.5,4
11:23:45,-65.0,4
11:23:45,-67.0,1
11:23:45,-67.0,1
11:23:45,-65.5,4
11:23:45,-66.0,4
11:23:45,-65.0,1
11:23:45,-65.0,1
11:23:46,-63.5,1
11:23:46,-64.5,1
11:23:46,-64.5,1
11:23:46,-64.5,1
11:23:46,-67.0,1
11:23:46,-67.5,1
11:23:46,-67.0,1
11:23:46,-67.0,1
11:23:46,-64.5,1
11:23:46,-64.5,1
11:23:46,-64.5,1
11:23:46,-64.0,1
11:23:46,-65.0,1
11:23:46,-64.5,1
11:23:46,-65.5,1
11:23:46,-64.5,1
11:23:46,-64.5,1
11:23:47,-64.0,1
11:23:47,-65.0,1
11:23:47,-65.5,1
11:23:47,-65.0,1
11:23:47,-65.0,1
11:23:47,-64.5,1
11:23:47,-64.0,1
11:23:47,-64.5,1
11:23:47,-64.5,1
11:23:47,-64.0,1
11:23:47,-63.5,1
11:23:47,-68.0,4
11:23:48,-66.0,1
11:23:48,-65.5,1
11:23:48,-65.0,1
11:23:48,-67.5,4
11:23:48,-65.0,1
11:23:48,-64.0,1
11:23:48,-64.5,4
11:23:48,-66.0,4
11:23:48,-62.5,1
11:23:48,-63.0,1
11:23:48,-65.0,4
11:23:48,-64.5,1
11:23:48,-64.5,1
11:23:48,-63.5,1
11:23:48,-66.0,4
11:23:48,-64.5,4
11:23:49,-63.5,1
11:23:49,-63.5,1
11:23:49,-63.5,1
11:23:49,-63.0,1
11:23:49,-63.5,1
11:23:49,-64.0,1
11:23:49,-63.5,1
11:23:49,-64.0,1
11:23:49,-64.5,1
11:23:49,-65.0,1
11:23:49,-63.5,1
11:23:49,-64.0,1
11:23:49,-64.5,1
11:23:49,-65.5,4
11:23:49,-64.0,4
11:23:49,-66.0,1
11:23:49,-64.5,1
11:23:49,-64.5,4
11:23:49,-64.0,4
11:23:49,-64.5,1
11:23:49,-65.5,1
11:23:50,-64.5,1
11:23:50,-63.5,1
11:23:50,-63.0,1
11:23:50,-64.0,1
11:23:50,-64.0,1
11:23:50,-63.5,1
11:23:50,-64.0,1
11:23:50,-63.5,1
11:23:50,-65.0,4
11:23:50,-65.5,4
11:23:50,-62.5,1
11:23:50,-63.0,1
11:23:50,-65.5,4
11:23:50,-65.5,4
11:23:50,-64.0,1
11:23:50,-65.5,4
11:23:50,-65.5,4
11:23:50,-63.5,1
11:23:50,-63.5,1
11:23:50,-65.0,4
11:23:50,-64.5,1
11:23:51,-64.0,1
11:23:51,-64.0,1
11:23:51,-64.5,1
11:23:51,-64.5,1
11:23:51,-66.0,4
11:23:51,-66.0,4
11:23:51,-63.5,1
11:23:51,-63.0,1
11:23:51,-65.0,4
11:23:51,-64.5,1
11:23:51,-64.5,1
11:23:51,-64.5,1
11:23:51,-65.0,1
11:23:51,-65.0,1
11:23:51,-65.5,1
11:23:51,-66.0,1
11:23:51,-64.5,1
11:23:51,-64.0,1
11:23:51,-64.5,1
11:23:51,-64.0,1
11:23:51,-65.0,1
11:23:51,-64.5,1
11:23:52,-65.0,1
11:23:52,-65.0,1
11:23:52,-67.0,4
11:23:52,-66.0,4
11:23:52,-65.0,1
11:23:52,-65.0,1
11:23:52,-65.5,1
11:23:52,-65.0,1
11:23:52,-65.0,1
11:23:52,-64.0,1
11:23:52,-65.0,1
11:23:52,-64.5,1
11:23:52,-64.5,1
11:23:52,-64.5,1
11:23:52,-65.5,1
11:23:52,-65.0,1
11:23:52,-64.5,1
11:23:52,-67.5,4
11:23:53,-65.5,1
11:23:53,-65.0,1
11:23:53,-65.0,1
11:23:53,-64.5,1
11:23:53,-64.5,1
11:23:53,-64.5,1
11:23:53,-65.0,1
11:23:53,-65.5,4
11:23:53,-64.0,1
11:23:53,-64.5,1
11:23:53,-65.5,1
11:23:53,-64.5,1
11:23:53,-65.0,1
11:23:53,-64.0,1
11:23:53,-63.5,1
11:23:54,-64.0,1
11:23:54,-64.0,1
11:23:54,-64.0,1
11:23:54,-64.0,1
11:23:54,-65.5,4
11:23:54,-65.0,4
11:23:54,-65.0,1
11:23:54,-65.5,1
11:23:54,-65.5,4
11:23:54,-65.0,4
11:23:54,-64.5,1
11:23:54,-64.5,1
11:23:54,-65.5,1
11:23:54,-65.0,1
11:23:54,-65.0,1
11:23:54,-64.5,1
11:23:54,-66.5,4
11:23:54,-65.5,4
11:23:54,-65.0,1
11:23:54,-64.5,1
11:23:54,-67.0,4
11:23:55,-65.5,1
11:23:55,-64.5,1
11:23:55,-65.5,1
11:23:55,-65.0,1
11:23:55,-66.0,4
11:23:55,-63.0,1
11:23:55,-64.0,1
11:23:55,-64.0,1
11:23:55,-64.5,1
11:23:55,-64.5,1
11:23:55,-63.5,1
11:23:55,-63.5,1
11:23:55,-62.5,1
11:23:55,-63.0,1
11:23:55,-63.5,1
11:23:55,-62.5,1
11:23:55,-63.5,1
11:23:55,-63.0,1
11:23:55,-63.0,1
11:23:55,-64.0,1
11:23:56,-64.0,1
11:23:56,-63.5,1
11:23:56,-63.5,1
11:23:56,-64.0,1
11:23:56,-64.0,1
11:23:56,-64.0,1
11:23:56,-65.0,1
11:23:56,-64.5,1
11:23:56,-64.5,1
11:23:56,-65.0,1
11:23:56,-63.5,1
11:23:56,-63.5,1
11:23:56,-64.0,1
11:23:56,-63.5,1
11:23:56,-64.5,1
11:23:56,-63.5,1
11:23:56,-63.5,1
11:23:56,-63.0,1
11:23:56,-63.5,1
11:23:56,-63.0,1
11:23:57,-67.5,4
11:23:57,-67.5,4
11:23:57,-63.0,1
11:23:57,-63.5,1
11:23:57,-63.0,1
11:23:57,-67.0,4
11:23:57,-63.0,1
11:23:57,-62.5,1
11:23:57,-62.5,1
11:23:57,-62.5,1
11:23:57,-62.5,1
11:23:57,-64.0,1
11:23:57,-64.0,1
11:23:57,-65.5,4
11:23:57,-65.5,4
11:23:57,-63.0,1
11:23:57,-63.0,1
11:23:57,-67.5,4
11:23:57,-63.5,1
11:23:58,-64.5,1
11:23:58,-64.0,1
11:23:58,-64.5,1
11:23:58,-64.0,1
11:23:58,-63.5,1
11:23:58,-63.5,1
11:23:58,-63.5,1
11:23:58,-63.5,1
11:23:58,-63.0,1
11:23:58,-63.5,1
11:23:58,-63.0,1
11:23:58,-63.0,1
11:23:58,-63.0,1
11:23:58,-63.0,1
11:23:58,-63.0,1
11:23:58,-64.0,1
11:23:58,-62.5,1
11:23:58,-63.5,1
11:23:59,-62.5,1
11:23:59,-62.5,1
11:23:59,-62.5,1
11:23:59,-62.5,1
11:23:59,-62.5,1
11:23:59,-62.5,1
11:23:59,-62.5,1
11:23:59,-62.0,1
11:23:59,-62.0,1
11:23:59,-62.0,1
11:23:59,-62.5,1
11:23:59,-62.0,1
11:23:59,-63.0,1
11:23:59,-63.0,1
11:23:59,-62.5,1
11:23:59,-62.5,1
11:23:59,-61.5,1
11:23:59,-62.5,1
11:24:0,-62.5,1
11:24:0,-62.0,1
11:24:0,-63.0,1
11:24:0,-63.5,1
11:24:0,-63.5,1
11:24:0,-62.5,1
11:24:0,-62.5,1
11:24:0,-62.5,1
11:24:0,-63.0,1
11:24:0,-62.5,1
11:24:0,-63.0,1
11:24:0,-62.5,1
11:24:0,-62.5,1
11:24:0,-63.0,1
11:24:0,-62.5,1
11:24:0,-63.0,1
11:24:0,-63.0,1
11:24:0,-65.5,4
11:24:0,-65.5,4
11:24:1,-63.0,1
11:24:1,-63.5,1
11:24:1,-62.5,1
11:24:1,-63.0,1
11:24:1,-63.0,1
11:24:1,-63.0,1
11:24:1,-64.0,4
11:24:1,-63.5,4
11:24:1,-63.5,1
11:24:1,-63.0,1
11:24:1,-63.0,4
11:24:1,-63.0,4
11:24:1,-63.0,1
11:24:1,-63.0,1
11:24:1,-62.5,1
11:24:1,-63.0,4
11:24:1,-63.5,4
11:24:1,-64.0,1
11:24:1,-63.0,1
11:24:1,-63.0,4
11:24:1,-63.0,4
11:24:1,-63.5,1
11:24:1,-63.5,1
11:24:2,-61.5,4
11:24:2,-61.5,4
11:24:2,-65.5,1
11:24:2,-65.0,1
11:24:2,-61.5,4
11:24:2,-61.5,4
11:24:2,-64.5,1
11:24:2,-66.5,1
11:24:2,-63.5,4
11:24:2,-62.5,4
11:24:2,-62.0,4
11:24:2,-62.0,4
11:24:2,-65.0,1
11:24:2,-65.5,1
11:24:2,-61.0,4
11:24:2,-61.0,4
11:24:2,-64.5,1
11:24:2,-63.5,1
11:24:2,-61.0,4
11:24:2,-63.5,1
11:24:2,-63.0,1
11:24:2,-61.0,4
11:24:2,-61.5,4
11:24:2,-63.5,1
11:24:2,-63.0,1
11:24:3,-62.5,4
11:24:3,-62.5,4
11:24:3,-66.5,1
11:24:3,-66.5,1
11:24:3,-65.5,4
11:24:3,-66.5,4
11:24:3,-65.5,4
11:24:3,-66.0,4
11:24:3,-65.0,4
11:24:3,-65.0,4
11:24:3,-62.5,4
11:24:3,-61.5,4
11:24:3,-65.5,1
11:24:3,-65.0,1
11:24:3,-60.0,4
11:24:3,-60.5,4
11:24:3,-62.0,1
11:24:3,-60.0,1
11:24:3,-60.0,1
11:24:3,-59.0,4
11:24:4,-58.5,4
11:24:4,-61.0,1
11:24:4,-60.5,1
11:24:4,-58.0,4
11:24:4,-57.5,4
11:24:4,-62.5,1
11:24:4,-62.5,1
11:24:4,-57.5,4
11:24:4,-57.5,4
11:24:4,-63.5,1
11:24:4,-63.5,1
11:24:4,-57.5,4
11:24:4,-57.5,4
11:24:4,-62.5,1
11:24:4,-62.5,1
11:24:4,-58.0,4
11:24:4,-58.0,4
11:24:4,-61.5,1
11:24:4,-61.5,1
11:24:4,-58.0,4
11:24:4,-58.0,4
11:24:4,-62.5,1
11:24:4,-62.5,1
11:24:4,-59.5,4
11:24:4,-59.0,4
11:24:4,-63.5,1
11:24:4,-63.5,1
11:24:4,-59.0,4
11:24:4,-59.0,4
11:24:5,-64.5,1
11:24:5,-60.0,4
11:24:5,-61.0,4
11:24:5,-64.5,1
11:24:5,-64.0,1
11:24:5,-60.0,4
11:24:5,-61.0,4
11:24:5,-63.0,1
11:24:5,-63.0,1
11:24:5,-60.5,4
11:24:5,-60.5,4
11:24:5,-62.5,1
11:24:5,-62.0,1
11:24:5,-60.0,4
11:24:5,-60.0,4
11:24:5,-62.5,1
11:24:5,-63.0,1
11:24:5,-60.0,4
11:24:5,-59.5,4
11:24:5,-62.5,1
11:24:5,-62.5,1
11:24:5,-59.0,4
11:24:5,-59.0,4
11:24:5,-62.5,1
11:24:5,-62.5,1
11:24:5,-59.5,4
11:24:5,-59.5,4
11:24:5,-63.5,1
11:24:5,-63.5,1
11:24:5,-59.5,4
11:24:5,-59.0,4
11:24:6,-61.5,1
11:24:6,-61.5,1
11:24:6,-60.0,4
11:24:6,-60.0,4
11:24:6,-61.0,1
11:24:6,-61.0,1
11:24:6,-59.5,4
11:24:6,-60.0,4
11:24:6,-62.0,1
11:24:6,-62.0,1
11:24:6,-60.5,4
11:24:6,-61.0,4
11:24:6,-63.0,1
11:24:6,-64.0,1
11:24:6,-60.0,4
11:24:6,-59.5,4
11:24:6,-60.0,1
11:24:6,-60.0,1
11:24:6,-60.0,4
11:24:6,-60.0,4
11:24:6,-62.5,1
11:24:6,-61.5,1
11:24:6,-60.0,4
11:24:6,-60.0,4
11:24:6,-62.5,1
11:24:6,-63.0,1
11:24:6,-59.5,4
11:24:7,-59.0,4
11:24:7,-62.5,1
11:24:7,-62.0,1
11:24:7,-62.5,1
11:24:7,-62.5,1
11:24:7,-59.0,4
11:24:7,-59.5,4
11:24:7,-63.0,1
11:24:7,-62.5,1
11:24:7,-59.5,4
11:24:7,-60.0,4
11:24:7,-62.5,1
11:24:7,-62.5,1
11:24:7,-60.5,4
11:24:7,-60.0,4
11:24:7,-62.5,1
11:24:7,-62.5,1
11:24:7,-60.0,4
11:24:7,-60.0,4
11:24:7,-63.0,1
11:24:7,-63.5,1
11:24:7,-59.5,4
11:24:7,-60.0,4
11:24:7,-65.0,1
11:24:7,-64.5,1
11:24:7,-60.0,4
11:24:7,-59.0,4
11:24:7,-63.5,1
11:24:7,-63.0,1
11:24:8,-58.5,4
11:24:8,-58.5,4
11:24:8,-63.5,1
11:24:8,-64.5,1
11:24:8,-57.5,4
11:24:8,-57.5,4
11:24:8,-62.5,1
11:24:8,-61.5,4
11:24:8,-61.5,4
11:24:8,-62.0,1
11:24:8,-62.0,1
11:24:8,-61.0,4
11:24:8,-60.5,4
11:24:8,-63.0,1
11:24:8,-63.0,1
11:24:8,-60.5,4
11:24:8,-59.5,4
11:24:8,-64.0,1
11:24:8,-63.5,1
11:24:8,-59.0,4
11:24:8,-59.0,4
11:24:8,-64.0,1
11:24:8,-64.0,1
11:24:8,-59.5,4
11:24:8,-60.0,4
11:24:8,-65.0,1
11:24:8,-65.5,1
11:24:9,-60.0,4
11:24:9,-60.0,4
11:24:9,-63.5,1
11:24:9,-64.0,1
11:24:9,-59.5,4
11:24:9,-59.5,4
11:24:9,-63.0,1
11:24:9,-63.5,1
11:24:9,-59.0,4
11:24:9,-59.0,4
11:24:9,-63.5,1
11:24:9,-59.5,4
11:24:9,-59.5,4
11:24:9,-63.5,1
11:24:9,-63.0,1
11:24:9,-59.0,4
11:24:9,-60.0,4
11:24:9,-62.5,1
11:24:9,-62.5,1
11:24:9,-59.5,4
11:24:9,-59.0,4
11:24:9,-62.0,1
11:24:9,-62.5,1
11:24:9,-59.5,4
11:24:9,-59.5,4
11:24:9,-62.5,1
11:24:9,-62.0,1
11:24:9,-60.0,4
11:24:9,-59.5,4
11:24:10,-62.5,1
11:24:10,-62.5,1
11:24:10,-60.5,4
11:24:10,-60.0,4
11:24:10,-63.0,1
11:24:10,-62.5,1
11:24:10,-60.0,4
11:24:10,-60.0,4
11:24:10,-63.0,1
11:24:10,-62.5,1
11:24:10,-60.5,4
11:24:10,-60.0,4
11:24:10,-61.5,1
11:24:10,-60.0,4
11:24:10,-59.5,4
11:24:10,-60.0,1
11:24:10,-60.0,1
11:24:10,-59.5,4
11:24:10,-59.0,4
11:24:10,-61.5,1
11:24:10,-61.5,1
11:24:10,-59.0,4
11:24:10,-59.0,4
11:24:10,-62.0,1
11:24:10,-62.0,1
11:24:10,-59.5,4
11:24:10,-60.0,4
11:24:11,-60.5,1
11:24:11,-60.0,1
11:24:11,-59.5,4
11:24:11,-59.5,4
11:24:11,-60.0,1
11:24:11,-60.5,1
11:24:11,-59.0,4
11:24:11,-59.0,4
11:24:11,-60.5,1
11:24:11,-61.0,1
11:24:11,-58.5,4
11:24:11,-58.5,4
11:24:11,-61.5,1
11:24:11,-61.0,1
11:24:11,-58.0,4
11:24:11,-58.0,4
11:24:11,-62.0,1
11:24:11,-62.0,1
11:24:11,-59.0,4
11:24:11,-59.5,4
11:24:11,-62.0,1
11:24:11,-62.5,1
11:24:11,-58.5,4
11:24:11,-59.5,4
11:24:11,-60.0,1
11:24:11,-60.5,1
11:24:11,-59.5,4
11:24:11,-59.5,4
11:24:11,-61.0,1
11:24:12,-60.5,1
11:24:12,-59.0,4
11:24:12,-59.0,4
11:24:12,-60.5,1
11:24:12,-61.0,1
11:24:12,-58.5,4
11:24:12,-58.5,4
11:24:12,-61.0,1
11:24:12,-61.0,1
11:24:12,-58.5,4
11:24:12,-59.0,4
11:24:12,-61.5,1
11:24:12,-61.5,1
11:24:12,-58.5,4
11:24:12,-58.5,4
11:24:12,-61.0,1
11:24:12,-60.5,1
11:24:12,-58.0,4
11:24:12,-58.0,4
11:24:12,-60.5,1
11:24:12,-60.0,1
11:24:12,-59.0,4
11:24:12,-58.5,4
11:24:12,-60.5,1
11:24:12,-60.5,1
11:24:12,-58.0,4
11:24:12,-58.0,4
11:24:12,-60.5,1
11:24:12,-60.5,1
11:24:13,-58.5,4
11:24:13,-58.5,4
11:24:13,-61.0,1
11:24:13,-61.5,1
11:24:13,-61.0,4
11:24:13,-61.0,4
11:24:13,-61.0,1
11:24:13,-61.5,1
11:24:13,-60.0,4
11:24:13,-59.0,4
11:24:13,-60.5,1
11:24:13,-61.0,1
11:24:13,-59.5,4
11:24:13,-59.5,4
11:24:13,-61.5,1
11:24:13,-61.5,1
11:24:13,-58.0,4
11:24:13,-58.0,4
11:24:13,-62.0,1
11:24:13,-62.0,1
11:24:13,-59.0,4
11:24:13,-58.5,4
11:24:13,-64.5,1
11:24:13,-59.0,4
11:24:13,-59.0,4
11:24:13,-63.5,1
11:24:13,-63.5,1
11:24:13,-58.0,4
11:24:14,-58.5,4
11:24:14,-61.5,1
11:24:14,-61.5,1
11:24:14,-59.0,4
11:24:14,-59.0,4
11:24:14,-61.5,1
11:24:14,-62.0,1
11:24:14,-59.0,4
11:24:14,-58.5,4
11:24:14,-61.5,1
11:24:14,-61.5,1
11:24:14,-58.5,4
11:24:14,-58.5,4
11:24:14,-62.0,1
11:24:14,-62.5,1
11:24:14,-58.5,4
11:24:14,-59.0,4
11:24:14,-63.0,1
11:24:14,-63.0,1
11:24:14,-58.0,4
11:24:14,-58.0,4
11:24:14,-61.5,1
11:24:14,-62.0,1
11:24:14,-60.0,1
11:24:14,-59.0,4
11:24:14,-59.0,4
11:24:15,-60.0,1
11:24:15,-60.0,1
11:24:15,-59.5,4
11:24:15,-59.0,4
11:24:15,-61.0,1
11:24:15,-61.0,1
11:24:15,-59.0,4
11:24:15,-59.0,4
11:24:15,-62.0,1
11:24:15,-61.5,1
11:24:15,-60.0,4
11:24:15,-59.5,4
11:24:15,-61.5,1
11:24:15,-62.0,1
11:24:15,-59.0,4
11:24:15,-59.0,4
11:24:15,-63.0,1
11:24:15,-62.5,1
11:24:15,-58.5,4
11:24:15,-58.5,4
11:24:15,-63.0,1
11:24:15,-63.5,1
11:24:15,-58.5,4
11:24:15,-59.0,4
11:24:15,-64.0,1
11:24:15,-63.5,1
11:24:16,-63.0,1
11:24:16,-63.0,1
11:24:16,-59.5,4
11:24:16,-59.5,4
11:24:16,-63.0,1
11:24:16,-62.5,1
11:24:16,-60.5,4
11:24:16,-62.5,4
11:24:16,-60.5,1
11:24:16,-60.0,1
11:24:16,-62.5,4
11:24:16,-63.0,4
11:24:16,-60.5,1
11:24:16,-60.5,1
11:24:16,-62.0,4
11:24:16,-63.0,4
11:24:16,-62.0,1
11:24:16,-62.0,1
11:24:16,-62.0,4
11:24:16,-62.0,4
11:24:16,-62.5,1
11:24:16,-61.5,1
11:24:16,-63.5,4
11:24:16,-63.0,4
11:24:16,-62.5,1
11:24:16,-62.5,1
11:24:16,-64.0,4
11:24:16,-63.0,4
11:24:16,-63.0,1
11:24:16,-61.5,1
11:24:16,-62.5,4
11:24:17,-61.0,1
11:24:17,-61.5,1
11:24:17,-65.0,4
11:24:17,-65.0,4
11:24:17,-61.5,1
11:24:17,-61.0,1
11:24:17,-65.0,4
11:24:17,-62.0,4
11:24:17,-62.5,1
11:24:17,-62.0,1
11:24:17,-61.0,4
11:24:17,-61.5,4
11:24:17,-62.5,1
11:24:17,-62.5,1
11:24:17,-64.5,4
11:24:17,-64.5,4
11:24:17,-59.5,1
11:24:17,-60.0,1
11:24:17,-64.0,4
11:24:17,-64.0,4
11:24:17,-60.0,1
11:24:17,-60.5,1
11:24:17,-62.0,4
11:24:17,-62.5,4
11:24:17,-60.0,1
11:24:17,-61.0,1
11:24:17,-62.0,4
11:24:18,-62.0,4
11:24:18,-60.5,1
11:24:18,-60.5,1
11:24:18,-62.0,1
11:24:18,-62.0,1
11:24:18,-61.5,4
11:24:18,-62.0,4
11:24:18,-62.0,1
11:24:18,-62.0,1
11:24:18,-62.0,4
11:24:18,-63.5,4
11:24:18,-60.0,1
11:24:18,-59.0,1
11:24:18,-63.5,4
11:24:18,-63.5,4
11:24:18,-60.0,1
11:24:18,-60.0,1
11:24:18,-63.5,4
11:24:18,-64.0,4
11:24:18,-61.5,1
11:24:18,-61.0,1
11:24:18,-63.5,4
11:24:18,-63.5,4
11:24:18,-63.0,1
11:24:18,-62.5,1
11:24:18,-63.5,4
11:24:18,-63.5,4
11:24:18,-61.0,1
11:24:18,-61.5,1
11:24:19,-63.0,4
11:24:19,-63.5,4
11:24:19,-63.0,1
11:24:19,-63.0,1
11:24:19,-61.5,1
11:24:19,-64.5,4
11:24:19,-65.0,4
11:24:19,-61.5,1
11:24:19,-61.5,1
11:24:19,-64.0,4
11:24:19,-62.5,4
11:24:19,-63.5,1
11:24:19,-64.0,1
11:24:19,-62.0,4
11:24:19,-62.0,4
11:24:19,-63.5,1
11:24:19,-61.5,1
11:24:19,-64.0,4
11:24:19,-64.0,4
11:24:19,-62.5,1
11:24:19,-63.0,1
11:24:19,-63.5,4
11:24:19,-63.5,4
11:24:19,-62.0,1
11:24:19,-62.0,1
11:24:20,-62.0,4
11:24:20,-62.0,4
11:24:20,-62.0,1
11:24:20,-62.0,1
11:24:20,-61.5,4
11:24:20,-61.5,4
11:24:20,-63.0,1
11:24:20,-62.5,1
11:24:20,-62.5,1
11:24:20,-62.5,4
11:24:20,-63.0,4
11:24:20,-63.5,1
11:24:20,-64.0,1
11:24:20,-61.5,4
11:24:20,-64.0,4
11:24:20,-62.5,1
11:24:20,-63.0,1
11:24:20,-63.5,4
11:24:20,-64.5,4
11:24:20,-62.0,1
11:24:20,-62.5,1
11:24:20,-62.5,4
11:24:20,-63.5,4
11:24:20,-63.0,1
11:24:20,-63.0,1
11:24:20,-62.5,4
11:24:20,-63.0,4
11:24:21,-62.5,1
11:24:21,-63.0,1
11:24:21,-62.0,4
11:24:21,-62.0,4
11:24:21,-62.5,1
11:24:21,-62.0,1
11:24:21,-62.5,4
11:24:21,-61.5,4
11:24:21,-62.0,1
11:24:21,-61.5,1
11:24:21,-62.0,4
11:24:21,-62.0,4
11:24:21,-61.0,1
11:24:21,-64.0,4
11:24:21,-64.5,4
11:24:21,-61.0,1
11:24:21,-60.5,1
11:24:21,-64.5,4
11:24:21,-63.5,4
11:24:21,-63.5,1
11:24:21,-64.0,1
11:24:21,-63.5,4
11:24:21,-64.0,4
11:24:21,-64.0,1
11:24:21,-62.5,1
11:24:21,-63.5,4
11:24:22,-63.0,4
11:24:22,-62.5,1
11:24:22,-62.5,1
11:24:22,-64.0,4
11:24:22,-62.0,4
11:24:22,-62.5,1
11:24:22,-62.0,1
11:24:22,-61.0,4
11:24:22,-61.5,4
11:24:22,-63.5,1
11:24:22,-65.0,1
11:24:22,-62.0,4
11:24:22,-62.5,4
11:24:22,-63.0,1
11:24:22,-62.5,1
11:24:22,-62.0,4
11:24:22,-62.0,1
11:24:22,-60.5,4
11:24:22,-60.5,4
11:24:22,-62.5,1
11:24:22,-60.0,1
11:24:22,-61.0,4
11:24:22,-61.0,4
11:24:22,-61.5,1
11:24:22,-62.0,1
11:24:22,-62.5,4
11:24:22,-62.5,4
11:24:22,-65.0,1
11:24:23,-64.5,1
11:24:23,-62.5,4
11:24:23,-62.5,4
11:24:23,-64.0,1
11:24:23,-63.5,1
11:24:23,-60.5,4
11:24:23,-60.0,4
11:24:23,-63.0,1
11:24:23,-63.0,1
11:24:23,-59.5,4
11:24:23,-58.5,4
11:24:23,-63.0,1
11:24:23,-63.0,1
11:24:23,-59.5,4
11:24:23,-59.0,4
11:24:23,-64.5,1
11:24:23,-64.5,1
11:24:23,-62.5,1
11:24:23,-58.0,4
11:24:23,-58.0,4
11:24:23,-62.5,1
11:24:23,-62.5,1
11:24:23,-58.0,4
11:24:23,-58.0,4
11:24:23,-61.0,1
11:24:24,-62.0,1
11:24:24,-58.5,4
11:24:24,-59.0,4
11:24:24,-61.0,1
11:24:24,-61.0,1
11:24:24,-59.0,4
11:24:24,-60.0,4
11:24:24,-60.5,1
11:24:24,-60.5,1
11:24:24,-61.5,4
11:24:24,-61.0,4
11:24:24,-60.0,1
11:24:24,-60.0,1
11:24:24,-61.5,4
11:24:24,-61.5,4
11:24:24,-60.0,1
11:24:24,-60.5,1
11:24:24,-61.5,4
11:24:24,-61.5,4
11:24:24,-60.5,1
11:24:24,-61.5,1
11:24:24,-61.5,4
11:24:24,-60.5,1
11:24:24,-60.0,1
11:24:24,-62.0,4
11:24:24,-63.0,4
11:24:24,-61.0,1
11:24:24,-61.5,1
11:24:25,-64.0,4
11:24:25,-64.0,4
11:24:25,-64.0,1
11:24:25,-64.0,1
11:24:25,-63.5,4
11:24:25,-63.0,4
11:24:25,-65.0,1
11:24:25,-65.0,1
11:24:25,-62.5,4
11:24:25,-62.0,4
11:24:25,-63.5,1
11:24:25,-63.0,1
11:24:25,-60.5,4
11:24:25,-61.0,4
11:24:25,-62.5,1
11:24:25,-62.5,1
11:24:25,-61.5,4
11:24:25,-61.5,4
11:24:25,-63.0,1
11:24:25,-63.0,1
11:24:25,-61.0,4
11:24:25,-60.0,4
11:24:25,-62.5,1
11:24:25,-62.0,1
11:24:25,-61.5,4
11:24:25,-61.0,4
11:24:25,-64.5,1
11:24:25,-64.0,1
11:24:25,-61.5,4
11:24:25,-61.0,4
11:24:26,-64.0,1
11:24:26,-64.0,1
11:24:26,-60.5,4
11:24:26,-60.0,4
11:24:26,-62.0,1
11:24:26,-62.0,1
11:24:26,-62.0,4
11:24:26,-63.0,4
11:24:26,-62.0,1
11:24:26,-62.5,1
11:24:26,-62.5,4
11:24:26,-62.5,4
11:24:26,-62.5,1
11:24:26,-62.0,1
11:24:26,-61.5,4
11:24:26,-62.5,4
11:24:26,-61.0,1
11:24:26,-61.5,1
11:24:26,-62.0,4
11:24:26,-61.5,4
11:24:26,-62.5,1
11:24:26,-62.5,1
11:24:26,-62.5,4
11:24:26,-63.0,4
11:24:26,-63.0,1
11:24:26,-62.5,1
11:24:27,-61.0,1
11:24:27,-62.0,4
11:24:27,-62.0,4
11:24:27,-60.5,1
11:24:27,-60.0,1
11:24:27,-62.5,4
11:24:27,-62.0,4
11:24:27,-61.0,1
11:24:27,-61.0,1
11:24:27,-62.5,4
11:24:27,-62.0,4
11:24:27,-61.0,1
11:24:27,-61.0,1
11:24:27,-62.5,4
11:24:27,-62.0,4
11:24:27,-61.5,1
11:24:27,-61.0,1
11:24:27,-62.0,4
11:24:27,-61.5,4
11:24:27,-62.5,1
11:24:27,-61.5,1
11:24:27,-62.5,4
11:24:27,-62.5,4
11:24:27,-63.0,1
11:24:27,-63.0,1
11:24:27,-63.5,4
11:24:27,-63.0,4
11:24:27,-62.0,1
11:24:27,-62.5,1
11:24:28,-65.5,1
11:24:28,-64.0,4
11:24:28,-64.0,4
11:24:28,-65.5,1
11:24:28,-66.0,1
11:24:28,-64.0,4
11:24:28,-64.0,4
11:24:28,-62.5,1
11:24:28,-63.0,1
11:24:28,-64.0,4
11:24:28,-64.5,4
11:24:28,-62.5,1
11:24:28,-62.5,1
11:24:28,-63.0,4
11:24:28,-63.0,4
11:24:28,-63.0,1
11:24:28,-62.5,1
11:24:28,-64.5,4
11:24:28,-65.0,4
11:24:28,-64.0,1
11:24:28,-65.0,1
11:24:28,-65.0,4
11:24:28,-66.0,4
11:24:28,-67.0,1
11:24:28,-66.5,1
11:24:28,-64.5,4
11:24:28,-64.0,4
11:24:28,-65.5,1
11:24:29,-65.0,4
11:24:29,-65.0,1
11:24:29,-65.0,1
11:24:29,-64.0,4
11:24:29,-64.5,4
11:24:29,-66.5,1
11:24:29,-66.5,1
11:24:29,-63.5,4
11:24:29,-63.0,4
11:24:29,-63.5,4
11:24:29,-63.0,4
11:24:29,-62.0,4
11:24:29,-62.0,4
11:24:29,-62.5,4
11:24:29,-62.0,4
11:24:29,-67.5,1
11:24:29,-62.0,4
11:24:30,-62.5,4
11:24:30,-62.0,4
11:24:30,-62.5,4
11:24:30,-62.5,4
11:24:30,-62.5,4
11:24:30,-66.5,1
11:24:30,-66.0,1
11:24:30,-61.0,4
11:24:30,-60.5,4
11:24:30,-67.0,1
11:24:30,-59.5,4
11:24:30,-67.0,1
11:24:30,-67.0,1
11:24:30,-60.0,4
11:24:31,-60.5,4
11:24:31,-65.5,1
11:24:31,-65.5,1
11:24:31,-61.5,4
11:24:31,-61.0,4
11:24:31,-60.5,4
11:24:31,-60.0,4
11:24:31,-66.5,1
11:24:31,-67.0,1
11:24:31,-60.0,4
11:24:31,-60.5,4
11:24:31,-60.0,4
11:24:31,-60.0,4
11:24:31,-59.5,4
11:24:31,-59.5,4
11:24:31,-59.5,4
11:24:31,-60.0,4
11:24:31,-59.5,4
11:24:31,-60.0,4
11:24:31,-59.5,4
11:24:31,-60.5,4
11:24:32,-60.5,4
11:24:32,-60.0,4
11:24:32,-60.0,4
11:24:32,-60.0,4
11:24:32,-60.5,4
11:24:32,-61.0,4
11:24:32,-62.5,4
11:24:32,-62.5,4
11:24:32,-62.5,4
11:24:32,-62.5,4
11:24:32,-60.5,4
11:24:32,-60.5,4
11:24:32,-60.0,4
11:24:32,-60.5,4
11:24:32,-60.5,4
11:24:32,-61.5,4
11:24:32,-62.0,4
11:24:32,-62.5,4
11:24:32,-63.0,4
11:24:32,-62.5,4
11:24:33,-62.0,4
11:24:33,-61.5,4
11:24:33,-65.0,1
11:24:33,-65.5,1
11:24:33,-62.0,4
11:24:33,-62.0,4
11:24:33,-64.5,1
11:24:33,-63.5,1
11:24:33,-61.5,4
11:24:33,-62.0,4
11:24:33,-63.5,1
11:24:33,-63.0,1
11:24:33,-63.5,4
11:24:33,-62.5,4
11:24:33,-63.0,1
11:24:33,-65.0,1
11:24:33,-65.0,1
11:24:33,-62.0,4
11:24:33,-62.0,4
11:24:33,-63.0,1
11:24:33,-63.5,1
11:24:33,-62.0,4
11:24:33,-61.5,4
11:24:33,-60.0,1
11:24:33,-60.0,1
11:24:33,-61.5,4
11:24:33,-61.5,4
11:24:33,-60.0,1
11:24:34,-60.5,1
11:24:34,-61.5,4
11:24:34,-61.5,4
11:24:34,-60.5,1
11:24:34,-60.5,1
11:24:34,-61.5,4
11:24:34,-61.0,4
11:24:34,-63.0,1
11:24:34,-64.0,1
11:24:34,-61.5,4
11:24:34,-61.0,4
11:24:34,-64.5,1
11:24:34,-65.5,1
11:24:34,-60.5,4
11:24:34,-61.0,4
11:24:34,-60.5,4
11:24:34,-64.5,1
11:24:34,-64.0,1
11:24:34,-62.0,4
11:24:34,-62.0,4
11:24:34,-64.5,1
11:24:34,-65.0,1
11:24:34,-62.5,4
11:24:34,-62.0,4
11:24:34,-64.0,1
11:24:34,-63.5,1
11:24:35,-61.5,4
11:24:35,-62.0,4
11:24:35,-64.0,1
11:24:35,-64.0,1
11:24:35,-61.5,4
11:24:35,-61.0,4
11:24:35,-67.0,1
11:24:35,-59.5,4
11:24:35,-59.5,4
11:24:35,-59.5,4
11:24:35,-60.0,4
11:24:35,-61.5,4
11:24:35,-62.5,4
11:24:35,-62.5,4
11:24:35,-63.0,4
11:24:35,-65.5,1
11:24:35,-65.5,1
11:24:35,-64.5,4
11:24:35,-64.5,4
11:24:35,-62.5,4
11:24:36,-62.0,4
11:24:36,-61.5,4
11:24:36,-62.0,4
11:24:36,-61.0,4
11:24:36,-61.0,4
11:24:36,-60.0,4
11:24:36,-60.5,4
11:24:36,-60.5,4
11:24:36,-61.0,4
11:24:36,-60.0,4
11:24:36,-61.5,4
11:24:36,-62.5,4
11:24:36,-62.5,4
11:24:36,-64.0,4
11:24:36,-63.5,4
11:24:36,-62.0,4
11:24:36,-61.5,4
11:24:36,-63.5,1
11:24:36,-64.0,4
11:24:36,-64.0,4
11:24:37,-64.0,1
11:24:37,-64.5,1
11:24:37,-61.5,4
11:24:37,-61.5,4
11:24:37,-61.0,4
11:24:37,-60.5,4
11:24:37,-60.0,4
11:24:37,-60.0,4
11:24:37,-60.0,4
11:24:37,-60.5,4
11:24:37,-61.0,4
11:24:37,-61.0,4
11:24:37,-60.5,4
11:24:37,-60.5,4
11:24:37,-61.0,4
11:24:37,-61.5,4
11:24:37,-64.0,4
11:24:37,-65.0,4
11:24:38,-62.0,4
11:24:38,-62.0,4
11:24:38,-60.0,4
11:24:38,-61.0,4
11:24:38,-61.0,4
11:24:38,-62.0,4
11:24:38,-65.5,1
11:24:38,-66.0,1
11:24:38,-62.0,4
11:24:38,-61.5,4
11:24:38,-65.0,1
11:24:38,-64.5,1
11:24:38,-61.5,4
11:24:38,-61.5,4
11:24:38,-62.5,1
11:24:38,-62.5,1
11:24:38,-60.5,4
11:24:38,-60.0,4
11:24:38,-62.0,1
11:24:38,-63.5,1
11:24:38,-59.5,4
11:24:38,-60.0,4
11:24:38,-65.0,1
11:24:38,-64.5,1
11:24:39,-63.5,1
11:24:39,-63.0,1
11:24:39,-60.5,4
11:24:39,-60.0,4
11:24:39,-63.5,1
11:24:39,-63.5,1
11:24:39,-60.5,4
11:24:39,-59.5,4
11:24:39,-64.0,1
11:24:39,-64.5,1
11:24:39,-59.0,4
11:24:39,-59.0,4
11:24:39,-65.0,1
11:24:39,-64.5,1
11:24:39,-59.0,4
11:24:39,-59.0,4
11:24:39,-65.0,1
11:24:39,-65.5,1
11:24:39,-58.5,4
11:24:39,-58.5,4
11:24:39,-58.5,4
11:24:39,-58.5,4
11:24:39,-66.5,1
11:24:39,-66.5,1
11:24:39,-59.0,4
11:24:39,-59.0,4
11:24:39,-62.5,1
11:24:40,-63.0,1
11:24:40,-59.5,4
11:24:40,-59.5,4
11:24:40,-62.5,1
11:24:40,-59.5,4
11:24:40,-59.0,4
11:24:40,-62.0,1
11:24:40,-62.0,1
11:24:40,-59.5,4
11:24:40,-59.5,4
11:24:40,-62.5,1
11:24:40,-62.5,1
11:24:40,-59.5,4
11:24:40,-59.5,4
11:24:40,-62.5,1
11:24:40,-62.5,1
11:24:40,-59.0,4
11:24:40,-59.5,4
11:24:40,-63.5,1
11:24:40,-64.0,1
11:24:40,-59.0,4
11:24:40,-58.5,4
11:24:40,-62.0,1
11:24:40,-62.0,1
11:24:40,-59.5,4
11:24:40,-59.5,4
11:24:40,-62.0,1
11:24:40,-62.5,1
11:24:41,-59.0,4
11:24:41,-59.5,4
11:24:41,-64.5,1
11:24:41,-64.5,1
11:24:41,-59.5,4
11:24:41,-59.5,4
11:24:41,-61.0,1
11:24:41,-59.5,4
11:24:41,-59.5,4
11:24:41,-61.5,1
11:24:41,-61.0,1
11:24:41,-60.0,4
11:24:41,-59.0,4
11:24:41,-61.5,1
11:24:41,-62.0,1
11:24:41,-59.5,4
11:24:41,-59.5,4
11:24:41,-62.0,1
11:24:41,-61.5,1
11:24:41,-59.5,4
11:24:41,-60.0,4
11:24:41,-63.0,1
11:24:41,-63.0,1
11:24:41,-61.0,4
11:24:41,-60.5,4
11:24:41,-64.5,1
11:24:41,-63.5,1
11:24:42,-62.0,4
11:24:42,-61.0,4
11:24:42,-63.5,1
11:24:42,-63.5,1
11:24:42,-61.5,4
11:24:42,-62.0,4
11:24:42,-61.0,1
11:24:42,-61.5,1
11:24:42,-62.5,4
11:24:42,-62.0,4
11:24:42,-62.5,1
11:24:42,-61.5,4
11:24:42,-62.5,4
11:24:42,-62.0,1
11:24:42,-62.0,1
11:24:42,-62.0,4
11:24:42,-62.0,4
11:24:42,-63.0,1
11:24:42,-63.5,1
11:24:42,-62.5,4
11:24:42,-62.0,4
11:24:42,-63.5,1
11:24:42,-63.0,1
11:24:42,-62.5,4
11:24:42,-62.0,4
11:24:42,-63.5,1
11:24:42,-63.0,1
11:24:42,-62.0,4
11:24:42,-62.5,4
11:24:43,-61.5,1
11:24:43,-61.5,1
11:24:43,-63.5,4
11:24:43,-63.5,4
11:24:43,-62.0,1
11:24:43,-61.5,1
11:24:43,-63.0,4
11:24:43,-63.0,4
11:24:43,-63.0,1
11:24:43,-63.0,1
11:24:43,-62.0,4
11:24:43,-62.0,4
11:24:43,-61.5,1
11:24:43,-61.5,1
11:24:43,-62.0,4
11:24:43,-62.0,4
11:24:43,-62.0,1
11:24:43,-62.0,1
11:24:43,-62.0,4
11:24:43,-60.5,4
11:24:43,-62.0,1
11:24:43,-62.0,1
11:24:43,-60.5,4
11:24:43,-60.5,4
11:24:43,-62.0,1
11:24:43,-62.0,1
11:24:43,-60.5,4
11:24:43,-60.5,4
11:24:44,-62.5,1
11:24:44,-63.0,1
11:24:44,-60.5,4
11:24:44,-60.5,4
11:24:44,-63.5,1
11:24:44,-63.5,1
11:24:44,-61.5,4
11:24:44,-60.5,4
11:24:44,-63.5,1
11:24:44,-64.0,1
11:24:44,-61.5,4
11:24:44,-61.0,4
11:24:44,-62.0,1
11:24:44,-61.5,1
11:24:44,-60.5,4
11:24:44,-61.0,4
11:24:44,-61.0,1
11:24:44,-60.5,4
11:24:44,-60.5,4
11:24:44,-62.0,1
11:24:44,-61.5,1
11:24:44,-60.0,4
11:24:44,-60.5,4
11:24:44,-63.0,1
11:24:44,-63.0,1
11:24:44,-61.0,4
11:24:44,-60.5,4
11:24:44,-63.0,1
11:24:44,-63.0,1
11:24:45,-60.5,4
11:24:45,-60.5,4
11:24:45,-62.0,1
11:24:45,-63.5,1
11:24:45,-60.5,4
11:24:45,-60.5,4
11:24:45,-62.0,1
11:24:45,-61.5,1
11:24:45,-61.0,4
11:24:45,-60.5,4
11:24:45,-62.0,1
11:24:45,-62.0,1
11:24:45,-60.5,4
11:24:45,-60.0,4
11:24:45,-63.5,1
11:24:45,-63.0,1
11:24:45,-59.5,4
11:24:45,-60.0,4
11:24:45,-62.0,1
11:24:45,-62.0,1
11:24:45,-60.5,4
11:24:45,-60.5,4
11:24:45,-62.0,1
11:24:45,-62.0,1
11:24:45,-60.5,4
11:24:45,-59.5,4
11:24:45,-62.0,1
11:24:45,-61.5,1
11:24:46,-59.5,4
11:24:46,-59.5,4
11:24:46,-62.5,1
11:24:46,-62.0,1
11:24:46,-59.0,4
11:24:46,-59.5,4
11:24:46,-60.5,1
11:24:46,-61.5,1
11:24:46,-59.5,4
11:24:46,-59.0,4
11:24:46,-63.0,1
11:24:46,-63.0,1
11:24:46,-59.5,4
11:24:46,-58.5,4
11:24:46,-63.0,1
11:24:46,-63.0,1
11:24:46,-60.5,4
11:24:46,-60.0,4
11:24:46,-61.5,1
11:24:46,-62.0,1
11:24:46,-59.5,4
11:24:46,-60.0,4
11:24:46,-62.0,1
11:24:46,-62.0,1
11:24:46,-58.5,4
11:24:46,-59.0,4
11:24:46,-62.0,1
11:24:46,-62.0,1
11:24:46,-59.0,4
11:24:47,-59.0,4
11:24:47,-63.0,1
11:24:47,-63.0,1
11:24:47,-59.0,4
11:24:47,-59.0,4
11:24:47,-63.5,1
11:24:47,-62.5,1
11:24:47,-59.0,4
11:24:47,-58.5,4
11:24:47,-63.0,1
11:24:47,-63.0,1
11:24:47,-59.0,4
11:24:47,-58.5,4
11:24:47,-61.5,1
11:24:47,-61.5,1
11:24:47,-60.0,4
11:24:47,-60.0,4
11:24:47,-61.5,1
11:24:47,-61.5,1
11:24:47,-59.5,4
11:24:47,-59.5,4
11:24:47,-64.5,1
11:24:47,-64.0,1
11:24:47,-59.0,4
11:24:47,-59.0,4
11:24:47,-61.5,1
11:24:47,-61.0,4
11:24:47,-60.5,4
11:24:48,-62.0,1
11:24:48,-62.0,1
11:24:48,-61.0,4
11:24:48,-59.5,4
11:24:48,-62.0,1
11:24:48,-61.5,1
11:24:48,-60.0,4
11:24:48,-59.5,4
11:24:48,-62.5,1
11:24:48,-62.0,1
11:24:48,-59.0,4
11:24:48,-59.0,4
11:24:48,-62.5,1
11:24:48,-62.5,1
11:24:48,-59.0,4
11:24:48,-59.0,4
11:24:48,-63.0,1
11:24:48,-63.5,1
11:24:48,-59.5,4
11:24:48,-60.0,4
11:24:48,-63.0,1
11:24:48,-62.5,1
11:24:48,-59.5,4
11:24:48,-60.0,4
11:24:48,-62.5,1
11:24:48,-62.5,1
11:24:48,-60.0,4
11:24:48,-60.0,4
11:24:49,-62.0,1
11:24:49,-62.0,1
11:24:49,-59.0,4
11:24:49,-59.0,4
11:24:49,-62.5,1
11:24:49,-63.0,1
11:24:49,-59.0,4
11:24:49,-59.0,4
11:24:49,-63.0,1
11:24:49,-62.5,1
11:24:49,-59.0,4
11:24:49,-59.0,4
11:24:49,-63.0,1
11:24:49,-63.0,1
11:24:49,-59.0,4
11:24:49,-59.5,4
11:24:49,-64.0,1
11:24:49,-64.0,1
11:24:49,-59.5,4
11:24:49,-59.5,4
11:24:49,-63.0,1
11:24:49,-62.5,1
11:24:49,-60.0,4
11:24:49,-60.0,4
11:24:49,-62.5,1
11:24:49,-64.5,1
11:24:49,-60.0,4
11:24:49,-60.5,4
11:24:49,-64.0,1
11:24:49,-64.5,1
11:24:50,-62.5,1
11:24:50,-62.0,1
11:24:50,-61.5,4
11:24:50,-61.5,4
11:24:50,-63.0,1
11:24:50,-62.5,1
11:24:50,-61.0,4
11:24:50,-60.0,4
11:24:50,-62.0,1
11:24:50,-62.0,1
11:24:50,-61.0,4
11:24:50,-60.5,4
11:24:50,-62.0,1
11:24:50,-62.5,1
11:24:50,-60.0,4
11:24:50,-59.5,4
11:24:50,-62.5,1
11:24:50,-63.0,1
11:24:50,-59.0,4
11:24:50,-59.5,4
11:24:50,-63.5,1
11:24:50,-63.0,1
11:24:50,-60.0,4
11:24:50,-59.5,4
11:24:50,-63.5,1
11:24:50,-63.5,1
11:24:50,-59.5,4
11:24:50,-59.5,4
11:24:50,-63.0,1
11:24:51,-62.5,1
11:24:51,-59.5,4
11:24:51,-59.5,4
11:24:51,-62.5,1
11:24:51,-62.5,1
11:24:51,-59.0,4
11:24:51,-59.5,4
11:24:51,-62.5,1
11:24:51,-63.0,1
11:24:51,-59.5,4
11:24:51,-59.5,4
11:24:51,-62.5,1
11:24:51,-63.5,1
11:24:51,-59.0,4
11:24:51,-59.0,4
11:24:51,-62.5,1
11:24:51,-63.0,1
11:24:51,-59.0,4
11:24:51,-59.5,4
11:24:51,-62.5,1
11:24:51,-62.5,1
11:24:51,-59.0,4
11:24:51,-59.0,4
11:24:51,-62.0,1
11:24:51,-62.0,1
11:24:51,-60.5,4
11:24:51,-61.0,4
11:24:51,-62.0,1
11:24:51,-62.0,1
11:24:52,-59.5,4
11:24:52,-59.5,4
11:24:52,-64.5,1
11:24:52,-65.0,1
11:24:52,-59.5,4
11:24:52,-59.5,4
11:24:52,-62.0,1
11:24:52,-62.0,1
11:24:52,-61.0,4
11:24:52,-62.0,4
11:24:52,-62.0,1
11:24:52,-62.0,1
11:24:52,-61.0,4
11:24:52,-60.5,4
11:24:52,-62.5,1
11:24:52,-62.5,1
11:24:52,-60.5,4
11:24:52,-60.5,4
11:24:52,-62.5,1
11:24:52,-62.5,1
11:24:52,-59.5,4
11:24:52,-59.5,4
11:24:52,-62.0,1
11:24:52,-62.0,1
11:24:52,-60.0,4
11:24:52,-60.0,4
11:24:52,-63.5,1
11:24:52,-63.5,1
11:24:53,-60.0,4
11:24:53,-60.5,4
11:24:53,-63.5,1
11:24:53,-64.0,1
11:24:53,-61.0,4
11:24:53,-60.0,4
11:24:53,-62.0,1
11:24:53,-62.0,1
11:24:53,-61.0,4
11:24:53,-61.5,4
11:24:53,-63.0,1
11:24:53,-62.0,1
11:24:53,-60.0,4
11:24:53,-60.0,4
11:24:53,-61.5,1
11:24:53,-62.0,1
11:24:53,-60.0,4
11:24:53,-60.0,4
11:24:53,-62.5,1
11:24:53,-62.5,1
11:24:53,-59.5,4
11:24:53,-59.5,4
11:24:53,-63.0,1
11:24:53,-63.0,1
11:24:53,-59.5,4
11:24:53,-60.0,4
11:24:53,-62.5,1
11:24:53,-62.5,1
11:24:53,-60.0,4
11:24:53,-60.0,4
11:24:54,-62.0,1
11:24:54,-62.5,1
11:24:54,-61.0,4
11:24:54,-61.0,4
11:24:54,-62.0,1
11:24:54,-62.5,1
11:24:54,-61.0,4
11:24:54,-60.5,4
11:24:54,-64.0,1
11:24:54,-64.0,1
11:24:54,-60.5,4
11:24:54,-60.5,4
11:24:54,-61.5,1
11:24:54,-62.0,1
11:24:54,-60.5,4
11:24:54,-61.0,4
11:24:54,-61.5,1
11:24:54,-61.0,1
11:24:54,-61.0,4
11:24:54,-60.0,4
11:24:54,-61.5,1
11:24:54,-62.0,1
11:24:54,-59.5,4
11:24:54,-60.0,4
11:24:54,-63.0,1
11:24:54,-63.0,1
11:24:54,-59.0,4
11:24:54,-59.5,4
11:24:55,-65.0,1
11:24:55,-64.0,1
11:24:55,-60.0,4
11:24:55,-60.0,4
11:24:55,-66.0,1
11:24:55,-64.5,1
11:24:55,-60.0,4
11:24:55,-60.5,4
11:24:55,-64.5,1
11:24:55,-64.5,1
11:24:55,-62.0,4
11:24:55,-61.5,4
11:24:55,-63.0,1
11:24:55,-62.0,1
11:24:55,-62.5,4
11:24:55,-63.5,4
11:24:55,-65.5,1
11:24:55,-64.5,4
11:24:55,-65.0,4
11:24:55,-65.5,1
11:24:55,-64.5,1
11:24:55,-66.0,4
11:24:55,-67.5,4
11:24:55,-67.0,1
11:24:56,-67.0,1
11:24:56,-63.5,1
11:24:56,-63.5,1
11:24:56,-65.5,4
11:24:56,-64.5,4
11:24:56,-63.5,1
11:24:56,-63.0,1
11:24:56,-61.0,4
11:24:56,-60.5,4
11:24:56,-63.0,1
11:24:56,-62.5,1
11:24:56,-59.5,4
11:24:56,-63.0,1
11:24:56,-63.0,1
11:24:56,-59.5,4
11:24:56,-59.5,4
11:24:56,-62.5,1
11:24:56,-62.5,1
11:24:56,-59.5,4
11:24:56,-59.5,4
11:24:56,-63.0,1
11:24:57,-63.0,1
11:24:57,-60.5,4
11:24:57,-60.0,4
11:24:57,-62.5,1
11:24:57,-62.0,1
11:24:57,-60.5,4
11:24:57,-60.5,4
11:24:57,-62.5,1
11:24:57,-62.0,1
11:24:57,-60.5,4
11:24:57,-60.5,4
11:24:57,-63.5,1
11:24:57,-63.5,1
11:24:57,-60.0,4
11:24:57,-59.5,4
11:24:57,-64.0,1
11:24:57,-64.5,1
11:24:57,-61.0,4
11:24:57,-60.5,4
11:24:57,-61.5,1
11:24:57,-62.0,1
11:24:57,-62.0,1
11:24:57,-62.0,4
11:24:57,-62.0,4
11:24:57,-63.0,1
11:24:57,-63.0,1
11:24:57,-60.0,4
11:24:58,-59.0,4
11:24:58,-63.5,1
11:24:58,-63.5,1
11:24:58,-59.0,4
11:24:58,-59.0,4
11:24:58,-63.5,1
11:24:58,-63.5,1
11:24:58,-59.5,4
11:24:58,-59.0,4
11:24:58,-63.5,1
11:24:58,-64.0,1
11:24:58,-59.0,4
11:24:58,-59.0,4
11:24:58,-63.0,1
11:24:58,-62.5,1
11:24:58,-59.5,4
11:24:58,-59.5,4
11:24:58,-62.5,1
11:24:58,-63.5,1
11:24:58,-58.5,4
11:24:58,-59.0,4
11:24:58,-65.5,1
11:24:58,-65.5,1
11:24:58,-60.0,4
11:24:58,-60.0,4
11:24:58,-61.5,1
11:24:58,-63.5,4
11:24:58,-63.5,4
11:24:59,-62.0,1
11:24:59,-62.0,1
11:24:59,-64.5,4
11:24:59,-63.5,4
11:24:59,-65.5,1
11:24:59,-65.0,1
11:24:59,-63.5,4
11:24:59,-63.5,4
11:24:59,-66.0,1
11:24:59,-64.5,1
11:24:59,-63.0,4
11:24:59,-63.0,4
11:24:59,-64.5,1
11:24:59,-63.0,1
11:24:59,-61.0,4
11:24:59,-61.5,4
11:24:59,-65.0,1
11:24:59,-65.5,1
11:24:59,-61.5,4
11:24:59,-61.0,4
11:24:59,-65.0,1
11:24:59,-64.5,1
11:24:59,-61.5,4
11:24:59,-61.5,4
11:24:59,-63.0,1
11:24:59,-62.5,1
11:24:59,-60.0,4
11:24:59,-60.0,4
11:25:0,-63.0,1
11:25:0,-61.0,4
11:25:0,-60.5,4
11:25:0,-63.0,1
11:25:0,-63.5,1
11:25:0,-61.0,4
11:25:0,-59.5,4
11:25:0,-64.5,1
11:25:0,-63.5,1
11:25:0,-59.5,4
11:25:0,-59.5,4
11:25:0,-63.0,1
11:25:0,-63.0,1
11:25:0,-60.0,4
11:25:0,-60.0,4
11:25:0,-64.0,1
11:25:0,-64.0,1
11:25:0,-60.0,4
11:25:0,-60.0,4
11:25:0,-62.5,1
11:25:0,-62.0,1
11:25:0,-60.5,4
11:25:0,-60.5,4
11:25:0,-62.0,1
11:25:0,-62.5,1
11:25:0,-60.0,4
11:25:0,-60.5,4
11:25:0,-64.0,1
11:25:0,-64.5,1
11:25:0,-60.5,4
11:25:0,-60.5,4
11:25:1,-62.5,1
11:25:1,-61.0,4
11:25:1,-61.0,4
11:25:1,-62.5,1
11:25:1,-62.0,1
11:25:1,-61.5,4
11:25:1,-60.5,4
11:25:1,-63.0,1
11:25:1,-63.0,1
11:25:1,-60.5,4
11:25:1,-61.0,4
11:25:1,-63.0,1
11:25:1,-63.0,1
11:25:1,-60.5,4
11:25:1,-60.5,4
11:25:1,-63.0,1
11:25:1,-63.5,1
11:25:1,-60.5,4
11:25:1,-61.0,4
11:25:1,-65.5,1
11:25:1,-64.5,1
11:25:1,-60.5,4
11:25:1,-60.5,4
11:25:1,-65.0,1
11:25:1,-65.0,1
11:25:1,-61.0,4
11:25:1,-61.5,4
11:25:2,-63.0,1
11:25:2,-62.5,1
11:25:2,-61.5,4
11:25:2,-61.5,4
11:25:2,-62.0,1
11:25:2,-62.0,1
11:25:2,-60.5,4
11:25:2,-60.5,4
11:25:2,-63.0,1
11:25:2,-64.0,1
11:25:2,-59.5,4
11:25:2,-59.5,4
11:25:2,-63.5,1
11:25:2,-63.0,1
11:25:2,-60.0,4
11:25:2,-59.5,4
11:25:2,-64.0,1
11:25:2,-64.0,1
11:25:2,-60.5,4
11:25:2,-60.0,4
11:25:2,-63.5,1
11:25:2,-63.5,1
11:25:2,-61.0,4
11:25:2,-60.5,4
11:25:2,-62.0,1
11:25:2,-61.5,1
11:25:2,-61.0,4
11:25:2,-61.5,4
11:25:2,-64.0,1
11:25:2,-65.0,1
11:25:3,-60.0,4
11:25:3,-60.0,4
11:25:3,-64.0,1
11:25:3,-65.0,1
11:25:3,-61.0,4
11:25:3,-62.0,1
11:25:3,-61.5,1
11:25:3,-60.5,4
11:25:3,-60.0,4
11:25:3,-62.5,1
11:25:3,-62.0,1
11:25:3,-60.0,4
11:25:3,-60.5,4
11:25:3,-61.5,1
11:25:3,-62.5,1
11:25:3,-61.0,4
11:25:3,-60.5,4
11:25:3,-63.0,1
11:25:3,-62.5,1
11:25:3,-61.0,4
11:25:3,-61.0,4
11:25:3,-63.5,1
11:25:3,-63.0,1
11:25:3,-60.5,4
11:25:3,-60.5,4
11:25:3,-61.0,1
11:25:4,-61.0,1
11:25:4,-62.0,4
11:25:4,-61.5,4
11:25:4,-60.5,1
11:25:4,-61.0,1
11:25:4,-60.5,4
11:25:4,-60.5,4
11:25:4,-61.0,1
11:25:4,-61.0,1
11:25:4,-62.0,1
11:25:4,-60.0,4
11:25:4,-60.5,4
11:25:4,-62.0,1
11:25:4,-62.5,1
11:25:4,-59.5,4
11:25:4,-58.5,4
11:25:4,-63.5,1
11:25:4,-62.5,1
11:25:4,-59.0,4
11:25:4,-58.5,4
11:25:4,-62.5,1
11:25:4,-62.0,1
11:25:4,-59.0,4
11:25:4,-59.0,4
11:25:4,-61.5,1
11:25:4,-62.0,1
11:25:4,-59.0,4
11:25:4,-59.0,4
11:25:5,-63.5,1
11:25:5,-63.5,1
11:25:5,-58.5,4
11:25:5,-58.5,4
11:25:5,-63.5,1
11:25:5,-63.5,1
11:25:5,-59.0,4
11:25:5,-59.0,4
11:25:5,-61.5,1
11:25:5,-61.5,1
11:25:5,-59.0,4
11:25:5,-59.0,4
11:25:5,-60.5,1
11:25:5,-60.5,1
11:25:5,-59.0,4
11:25:5,-59.0,4
11:25:5,-60.5,1
11:25:5,-61.0,1
11:25:5,-59.5,4
11:25:5,-59.0,4
11:25:5,-61.5,1
11:25:5,-61.0,1
11:25:5,-59.5,4
11:25:5,-60.0,4
11:25:5,-61.0,1
11:25:5,-61.0,1
11:25:5,-60.5,4
11:25:5,-60.0,4
11:25:6,-63.0,1
11:25:6,-62.5,1
11:25:6,-60.0,4
11:25:6,-60.0,4
11:25:6,-61.0,1
11:25:6,-61.0,1
11:25:6,-61.0,4
11:25:6,-61.5,4
11:25:6,-62.0,1
11:25:6,-62.0,1
11:25:6,-59.5,4
11:25:6,-60.0,4
11:25:6,-61.5,1
11:25:6,-62.0,1
11:25:6,-60.5,4
11:25:6,-60.0,4
11:25:6,-63.0,1
11:25:6,-59.0,4
11:25:6,-59.0,4
11:25:6,-63.0,1
11:25:6,-63.0,1
11:25:6,-59.0,4
11:25:6,-58.5,4
11:25:6,-64.0,1
11:25:6,-65.0,1
11:25:6,-58.5,4
11:25:6,-58.0,4
11:25:6,-65.0,1
11:25:7,-64.5,1
11:25:7,-59.5,4
11:25:7,-60.0,4
11:25:7,-62.0,1
11:25:7,-62.5,1
11:25:7,-59.5,4
11:25:7,-60.0,4
11:25:7,-64.0,1
11:25:7,-64.0,1
11:25:7,-60.0,4
11:25:7,-59.5,4
11:25:7,-62.5,1
11:25:7,-63.5,1
11:25:7,-61.0,4
11:25:7,-60.5,4
11:25:7,-62.5,1
11:25:7,-62.5,1
11:25:7,-62.0,4
11:25:7,-61.5,4
11:25:7,-62.0,1
11:25:7,-61.5,1
11:25:7,-61.0,4
11:25:7,-61.5,4
11:25:7,-62.0,1
11:25:7,-61.5,1
11:25:7,-61.0,4
11:25:7,-61.0,4
11:25:7,-62.0,1
11:25:7,-62.0,1
11:25:8,-60.0,4
11:25:8,-60.5,4
11:25:8,-62.5,1
11:25:8,-62.5,1
11:25:8,-60.5,4
11:25:8,-60.5,4
11:25:8,-63.0,1
11:25:8,-62.5,1
11:25:8,-60.5,4
11:25:8,-61.0,4
11:25:8,-61.0,1
11:25:8,-61.0,1
11:25:8,-61.0,4
11:25:8,-62.0,4
11:25:8,-61.5,1
11:25:8,-61.0,1
11:25:8,-61.0,4
11:25:8,-60.5,4
11:25:8,-61.5,1
11:25:8,-61.5,1
11:25:8,-62.5,1
11:25:8,-60.5,4
11:25:8,-60.0,4
11:25:8,-62.5,1
11:25:8,-62.0,1
11:25:8,-60.5,4
11:25:9,-60.0,4
11:25:9,-62.5,1
11:25:9,-63.0,1
11:25:9,-60.0,4
11:25:9,-60.0,4
11:25:9,-62.5,1
11:25:9,-62.5,1
11:25:9,-60.5,4
11:25:9,-61.0,4
11:25:9,-61.5,1
11:25:9,-62.0,1
11:25:9,-60.0,4
11:25:9,-61.0,4
11:25:9,-63.5,1
11:25:9,-63.0,1
11:25:9,-60.5,4
11:25:9,-61.0,4
11:25:9,-63.5,1
11:25:9,-63.0,1
11:25:9,-61.0,4
11:25:9,-61.0,4
11:25:9,-61.5,1
11:25:9,-61.0,1
11:25:9,-61.5,1
11:25:9,-61.5,1
11:25:9,-61.0,1
11:25:9,-60.0,4
11:25:9,-60.5,4
11:25:10,-61.0,1
11:25:10,-61.0,1
11:25:10,-60.5,4
11:25:10,-59.5,4
11:25:10,-61.5,1
11:25:10,-62.0,1
11:25:10,-60.0,4
11:25:10,-60.0,4
11:25:10,-61.5,1
11:25:10,-62.0,1
11:25:10,-60.5,4
11:25:10,-60.0,4
11:25:10,-62.5,1
11:25:10,-62.5,1
11:25:10,-60.5,4
11:25:10,-60.5,4
11:25:10,-60.5,1
11:25:10,-60.0,1
11:25:10,-60.5,4
11:25:10,-60.5,4
11:25:10,-61.0,1
11:25:10,-61.0,1
11:25:10,-62.0,1
11:25:10,-62.0,1
11:25:10,-60.5,4
11:25:10,-60.5,4
11:25:10,-62.0,1
11:25:11,-63.0,1
11:25:11,-63.5,1
11:25:11,-60.0,4
11:25:11,-60.5,4
11:25:11,-63.5,1
11:25:11,-63.5,1
11:25:11,-60.0,4
11:25:11,-60.0,4
11:25:11,-62.0,1
11:25:11,-62.5,1
11:25:11,-60.0,4
11:25:11,-61.0,4
11:25:11,-61.5,1
11:25:11,-61.5,1
11:25:11,-60.5,4
11:25:11,-60.5,4
11:25:11,-61.0,1
11:25:11,-61.0,1
11:25:11,-61.5,4
11:25:11,-60.5,4
11:25:11,-63.5,1
11:25:11,-62.5,1
11:25:11,-60.5,4
11:25:11,-61.0,4
11:25:11,-61.0,1
11:25:11,-61.5,1
11:25:11,-61.0,4
11:25:11,-62.0,4
11:25:11,-62.0,1
11:25:11,-62.0,1
11:25:12,-62.0,1
11:25:12,-62.0,1
11:25:12,-61.0,4
11:25:12,-61.0,4
11:25:12,-62.0,1
11:25:12,-62.0,1
11:25:12,-61.0,4
11:25:12,-60.5,4
11:25:12,-62.5,1
11:25:12,-62.5,1
11:25:12,-60.0,4
11:25:12,-60.5,4
11:25:12,-62.0,1
11:25:12,-62.5,1
11:25:12,-60.5,4
11:25:12,-60.5,4
11:25:12,-63.0,1
11:25:12,-63.5,1
11:25:12,-60.5,4
11:25:12,-60.5,4
11:25:12,-61.5,1
11:25:12,-61.5,1
11:25:12,-60.5,4
11:25:12,-60.0,4
11:25:12,-61.5,1
11:25:12,-61.5,1
11:25:12,-59.5,4
11:25:12,-60.0,4
11:25:12,-61.5,1
11:25:13,-62.0,1
11:25:13,-59.5,4
11:25:13,-60.0,4
11:25:13,-63.0,1
11:25:13,-60.0,4
11:25:13,-60.5,4
11:25:13,-63.0,1
11:25:13,-62.5,1
11:25:13,-60.0,4
11:25:13,-59.5,4
11:25:13,-63.0,1
11:25:13,-62.5,1
11:25:13,-59.5,4
11:25:13,-59.5,4
11:25:13,-62.5,1
11:25:13,-61.5,1
11:25:13,-61.5,1
11:25:13,-61.5,1
11:25:13,-60.5,4
11:25:13,-60.5,4
11:25:13,-61.5,1
11:25:13,-63.5,1
11:25:13,-61.0,4
11:25:13,-61.0,4
11:25:13,-63.0,1
11:25:13,-63.5,1
11:25:13,-61.0,4
11:25:14,-60.5,4
11:25:14,-62.0,1
11:25:14,-62.0,1
11:25:14,-61.5,4
11:25:14,-61.5,4
11:25:14,-62.0,1
11:25:14,-62.5,1
11:25:14,-62.0,1
11:25:14,-60.5,4
11:25:14,-61.0,4
11:25:14,-62.0,1
11:25:14,-62.0,1
11:25:14,-60.5,4
11:25:14,-60.5,4
11:25:14,-61.5,1
11:25:14,-61.5,1
11:25:14,-60.0,4
11:25:14,-60.5,4
11:25:14,-62.0,1
11:25:14,-62.5,1
11:25:14,-61.0,4
11:25:14,-61.0,4
11:25:14,-63.5,1
11:25:14,-63.0,1
11:25:14,-60.5,4
11:25:14,-60.5,4
11:25:14,-61.0,1
11:25:14,-61.5,1
11:25:15,-61.0,4
11:25:15,-61.0,4
11:25:15,-61.0,1
11:25:15,-61.5,1
11:25:15,-59.5,4
11:25:15,-59.5,4
11:25:15,-61.5,1
11:25:15,-61.5,1
11:25:15,-59.5,4
11:25:15,-60.0,4
11:25:15,-62.0,1
11:25:15,-62.0,1
11:25:15,-60.0,4
11:25:15,-60.0,4
11:25:15,-62.0,1
11:25:15,-62.0,1
11:25:15,-60.0,4
11:25:15,-59.5,4
11:25:15,-62.0,1
11:25:15,-62.5,1
11:25:15,-60.0,4
11:25:15,-59.5,4
11:25:15,-62.0,1
11:25:15,-62.0,1
11:25:15,-60.0,4
11:25:15,-60.5,4
11:25:15,-61.5,1
11:25:15,-61.0,1
11:25:15,-60.0,4
11:25:15,-60.5,4
11:25:16,-63.5,1
11:25:16,-63.5,1
11:25:16,-60.0,4
11:25:16,-60.0,4
11:25:16,-63.5,1
11:25:16,-64.0,1
11:25:16,-61.0,4
11:25:16,-61.0,4
11:25:16,-62.0,1
11:25:16,-62.0,1
11:25:16,-61.5,4
11:25:16,-61.5,4
11:25:16,-61.5,1
11:25:16,-62.0,1
11:25:16,-60.5,4
11:25:16,-60.5,4
11:25:16,-61.5,1
11:25:16,-62.0,1
11:25:16,-60.5,4
11:25:16,-60.0,4
11:25:16,-62.5,1
11:25:16,-62.5,1
11:25:16,-60.0,4
11:25:16,-59.5,4
11:25:16,-61.5,1
11:25:16,-62.0,1
11:25:16,-59.5,4
11:25:16,-60.0,4
11:25:17,-63.0,1
11:25:17,-63.0,1
11:25:17,-60.0,4
11:25:17,-60.0,4
11:25:17,-61.5,1
11:25:17,-61.5,1
11:25:17,-61.0,4
11:25:17,-61.0,4
11:25:17,-61.5,1
11:25:17,-61.5,1
11:25:17,-59.5,4
11:25:17,-60.0,4
11:25:17,-62.0,1
11:25:17,-61.5,1
11:25:17,-59.5,4
11:25:17,-59.5,4
11:25:17,-62.0,1
11:25:17,-62.0,1
11:25:17,-60.0,4
11:25:17,-60.0,4
11:25:17,-62.5,1
11:25:17,-63.0,1
11:25:17,-59.5,4
11:25:17,-59.0,4
11:25:17,-62.0,1
11:25:17,-62.5,1
11:25:17,-59.5,4
11:25:17,-60.0,4
11:25:17,-61.5,1
11:25:18,-62.0,1
11:25:18,-60.0,4
11:25:18,-60.5,4
11:25:18,-61.5,1
11:25:18,-61.5,1
11:25:18,-60.0,4
11:25:18,-60.0,4
11:25:18,-63.0,1
11:25:18,-63.5,1
11:25:18,-60.0,4
11:25:18,-60.5,4
11:25:18,-61.0,1
11:25:18,-61.5,1
11:25:18,-61.0,4
11:25:18,-61.5,4
11:25:18,-62.0,1
11:25:18,-61.5,1
11:25:18,-62.0,1
11:25:18,-62.0,1
11:25:18,-60.0,4
11:25:18,-59.5,4
11:25:18,-62.0,1
11:25:18,-62.0,1
11:25:18,-59.5,4
11:25:18,-59.5,4
11:25:18,-63.5,1
11:25:18,-63.5,1
11:25:19,-60.5,4
11:25:19,-60.0,4
11:25:19,-63.5,1
11:25:19,-63.5,1
11:25:19,-61.0,4
11:25:19,-61.0,4
11:25:19,-61.5,1
11:25:19,-61.5,1
11:25:19,-60.5,4
11:25:19,-61.0,4
11:25:19,-61.5,1
11:25:19,-61.0,1
11:25:19,-60.0,4
11:25:19,-60.0,4
11:25:19,-61.5,1
11:25:19,-61.0,1
11:25:19,-59.5,4
11:25:19,-59.5,4
11:25:19,-62.5,1
11:25:19,-62.5,1
11:25:19,-60.0,4
11:25:19,-63.0,1
11:25:19,-63.0,1
11:25:19,-59.5,4
11:25:19,-59.5,4
11:25:19,-62.5,1
11:25:19,-63.0,1
11:25:19,-59.5,4
11:25:20,-60.5,4
11:25:20,-60.5,1
11:25:20,-61.5,1
11:25:20,-60.0,4
11:25:20,-60.0,4
11:25:20,-61.0,1
11:25:20,-61.0,1
11:25:20,-60.5,4
11:25:20,-60.5,4
11:25:20,-65.0,1
11:25:20,-64.5,1
11:25:20,-60.0,4
11:25:20,-61.0,4
11:25:20,-61.5,1
11:25:20,-61.5,1
11:25:20,-61.0,4
11:25:20,-61.0,4
11:25:20,-61.5,1
11:25:20,-62.0,1
11:25:20,-60.0,4
11:25:20,-60.5,4
11:25:20,-61.5,1
11:25:20,-61.5,1
11:25:20,-60.0,4
11:25:20,-60.0,4
11:25:20,-61.5,1
11:25:20,-59.5,4
11:25:20,-59.5,4
11:25:21,-61.0,1
11:25:21,-61.5,1
11:25:21,-59.5,4
11:25:21,-60.0,4
11:25:21,-62.5,1
11:25:21,-62.5,1
11:25:21,-60.0,4
11:25:21,-60.5,4
11:25:21,-63.0,1
11:25:21,-61.5,1
11:25:21,-61.0,4
11:25:21,-61.0,4
11:25:21,-61.5,1
11:25:21,-61.0,1
11:25:21,-61.5,4
11:25:21,-60.5,4
11:25:21,-61.0,1
11:25:21,-62.0,1
11:25:21,-60.0,4
11:25:21,-60.5,4
11:25:21,-61.5,1
11:25:21,-61.0,1
11:25:21,-60.0,4
11:25:21,-60.0,4
11:25:21,-61.5,1
11:25:21,-62.5,1
11:25:21,-60.0,4
11:25:21,-60.0,4
11:25:22,-63.0,1
11:25:22,-60.0,4
11:25:22,-59.5,4
11:25:22,-63.0,1
11:25:22,-63.0,1
11:25:22,-59.5,4
11:25:22,-61.0,4
11:25:22,-61.5,1
11:25:22,-61.5,1
11:25:22,-60.5,4
11:25:22,-60.5,4
11:25:22,-61.5,1
11:25:22,-61.0,1
11:25:22,-60.5,4
11:25:22,-60.5,4
11:25:22,-64.0,1
11:25:22,-64.0,1
11:25:22,-60.0,4
11:25:22,-60.5,4
11:25:22,-61.5,1
11:25:22,-61.5,1
11:25:22,-61.0,4
11:25:22,-61.5,4
11:25:22,-61.5,1
11:25:22,-61.0,1
11:25:22,-60.0,4
11:25:22,-60.5,4
11:25:22,-61.5,1
11:25:22,-61.5,1
11:25:22,-60.0,4
11:25:22,-60.5,4
11:25:23,-62.0,1
11:25:23,-59.5,4
11:25:23,-59.5,4
11:25:23,-61.5,1
11:25:23,-62.0,1
11:25:23,-60.0,4
11:25:23,-60.5,4
11:25:23,-63.5,1
11:25:23,-63.0,1
11:25:23,-60.0,4
11:25:23,-60.0,4
11:25:23,-63.0,1
11:25:23,-63.5,1
11:25:23,-60.5,4
11:25:23,-61.0,4
11:25:23,-61.0,1
11:25:23,-60.5,1
11:25:23,-61.0,4
11:25:23,-61.0,4
11:25:23,-61.0,1
11:25:23,-61.5,1
11:25:23,-60.5,4
11:25:23,-60.0,4
11:25:23,-61.5,1
11:25:23,-61.0,1
11:25:23,-60.0,4
11:25:24,-60.5,4
11:25:24,-62.0,1
11:25:24,-62.0,1
11:25:24,-63.0,1
11:25:24,-60.0,4
11:25:24,-60.0,4
11:25:24,-62.5,1
11:25:24,-61.5,1
11:25:24,-60.0,4
11:25:24,-60.0,4
11:25:24,-61.0,1
11:25:24,-61.0,1
11:25:24,-60.5,4
11:25:24,-61.0,4
11:25:24,-61.0,1
11:25:24,-61.0,1
11:25:24,-61.0,4
11:25:24,-61.0,4
11:25:24,-64.0,1
11:25:24,-63.5,1
11:25:24,-61.5,4
11:25:24,-61.5,4
11:25:24,-61.5,1
11:25:24,-61.5,1
11:25:24,-61.5,4
11:25:24,-62.0,4
11:25:24,-61.5,1
11:25:25,-61.5,1
11:25:25,-60.0,4
11:25:25,-60.5,4
11:25:25,-62.0,1
11:25:25,-61.0,1
11:25:25,-62.0,1
11:25:25,-60.0,4
11:25:25,-60.0,4
11:25:25,-62.0,1
11:25:25,-62.0,1
11:25:25,-59.5,4
11:25:25,-60.0,4
11:25:25,-63.5,1
11:25:25,-63.5,1
11:25:25,-60.0,4
11:25:25,-60.0,4
11:25:25,-61.0,1
11:25:25,-61.5,1
11:25:25,-61.0,4
11:25:25,-61.0,4
11:25:25,-61.5,1
11:25:25,-61.5,1
11:25:25,-59.5,4
11:25:25,-59.5,4
11:25:25,-61.5,1
11:25:25,-61.5,1
11:25:26,-59.5,4
11:25:26,-59.5,4
11:25:26,-61.5,1
11:25:26,-62.5,1
11:25:26,-59.0,4
11:25:26,-59.5,4
11:25:26,-62.5,1
11:25:26,-62.0,1
11:25:26,-62.5,1
11:25:26,-63.0,1
11:25:26,-59.5,4
11:25:26,-59.5,4
11:25:26,-63.5,1
11:25:26,-62.5,1
11:25:26,-59.5,4
11:25:26,-60.5,4
11:25:26,-61.5,1
11:25:26,-62.0,1
11:25:26,-60.0,4
11:25:26,-60.0,4
11:25:26,-62.0,1
11:25:26,-61.5,1
11:25:26,-61.0,4
11:25:26,-61.0,4
11:25:26,-65.0,1
11:25:26,-65.0,1
11:25:26,-61.0,4
11:25:26,-61.5,4
11:25:27,-61.0,1
11:25:27,-61.0,1
11:25:27,-62.0,4
11:25:27,-62.5,4
11:25:27,-61.5,1
11:25:27,-61.5,1
11:25:27,-61.0,4
11:25:27,-61.0,4
11:25:27,-62.0,1
11:25:27,-62.0,1
11:25:27,-61.5,4
11:25:27,-61.5,4
11:25:27,-62.5,1
11:25:27,-63.0,1
11:25:27,-60.0,4
11:25:27,-60.5,4
11:25:27,-62.5,1
11:25:27,-63.0,1
11:25:27,-60.5,4
11:25:27,-60.5,4
11:25:27,-64.5,1
11:25:27,-64.0,1
11:25:27,-61.0,4
11:25:27,-60.5,4
11:25:27,-65.0,1
11:25:27,-64.5,1
11:25:27,-62.0,4
11:25:27,-62.0,4
11:25:28,-61.5,1
11:25:28,-62.0,1
11:25:28,-62.0,4
11:25:28,-62.0,4
11:25:28,-62.0,1
11:25:28,-62.5,1
11:25:28,-61.0,4
11:25:28,-61.0,4
11:25:28,-62.5,1
11:25:28,-62.5,1
11:25:28,-60.5,4
11:25:28,-61.0,4
11:25:28,-63.0,1
11:25:28,-63.5,1
11:25:28,-64.0,1
11:25:28,-60.5,4
11:25:28,-60.5,4
11:25:28,-63.5,1
11:25:28,-63.5,1
11:25:28,-61.5,4
11:25:28,-61.0,4
11:25:28,-63.0,1
11:25:28,-62.5,1
11:25:28,-61.0,4
11:25:28,-61.0,4
11:25:29,-62.5,1
11:25:29,-64.5,1
11:25:29,-61.0,4
11:25:29,-60.5,4
11:25:29,-64.5,1
11:25:29,-63.5,1
11:25:29,-60.5,4
11:25:29,-62.0,4
11:25:29,-61.5,1
11:25:29,-61.5,1
11:25:29,-62.0,4
11:25:29,-61.5,4
11:25:29,-61.5,1
11:25:29,-61.5,1
11:25:29,-60.0,4
11:25:29,-60.5,4
11:25:29,-61.0,1
11:25:29,-61.5,1
11:25:29,-61.0,4
11:25:29,-62.0,1
11:25:29,-61.5,1
11:25:29,-60.5,4
11:25:29,-60.0,4
11:25:29,-61.5,1
11:25:29,-61.5,1
11:25:29,-60.5,4
11:25:29,-60.5,4
11:25:29,-62.0,1
11:25:29,-63.0,1
11:25:30,-60.5,4
11:25:30,-60.5,4
11:25:30,-62.0,1
11:25:30,-62.0,1
11:25:30,-62.0,4
11:25:30,-62.0,4
11:25:30,-60.5,1
11:25:30,-61.0,1
11:25:30,-61.5,4
11:25:30,-61.5,4
11:25:30,-61.0,1
11:25:30,-61.0,1
11:25:30,-60.0,4
11:25:30,-60.0,4
11:25:30,-61.0,1
11:25:30,-60.5,1
11:25:30,-59.5,4
11:25:30,-60.0,4
11:25:30,-61.0,1
11:25:30,-61.0,1
11:25:30,-60.0,4
11:25:30,-60.0,4
11:25:30,-62.0,1
11:25:30,-60.0,4
11:25:30,-59.5,4
11:25:30,-62.0,1
11:25:30,-62.5,1
11:25:30,-60.0,4
11:25:31,-60.5,4
11:25:31,-60.5,1
11:25:31,-61.0,1
11:25:31,-60.5,4
11:25:31,-60.5,4
11:25:31,-60.5,1
11:25:31,-61.0,1
11:25:31,-61.5,4
11:25:31,-61.5,4
11:25:31,-62.0,1
11:25:31,-62.5,1
11:25:31,-62.0,4
11:25:31,-62.0,4
11:25:31,-61.0,1
11:25:31,-60.5,1
11:25:31,-65.0,4
11:25:31,-65.0,4
11:25:31,-61.5,1
11:25:31,-61.5,1
11:25:31,-63.5,4
11:25:31,-63.0,4
11:25:31,-62.5,1
11:25:31,-61.5,1
11:25:31,-62.0,1
11:25:31,-64.0,4
11:25:31,-64.5,4
11:25:32,-63.0,1
11:25:32,-62.5,1
11:25:32,-63.5,4
11:25:32,-64.0,4
11:25:32,-63.0,1
11:25:32,-64.0,1
11:25:32,-64.0,4
11:25:32,-64.5,4
11:25:32,-64.5,1
11:25:32,-64.5,1
11:25:32,-63.0,1
11:25:32,-62.0,1
11:25:32,-64.5,4
11:25:32,-65.0,4
11:25:32,-61.0,1
11:25:32,-61.0,1
11:25:32,-65.5,4
11:25:32,-65.0,4
11:25:32,-60.5,1
11:25:32,-61.5,1
11:25:32,-65.0,4
11:25:32,-65.5,4
11:25:32,-62.0,1
11:25:32,-62.0,1
11:25:33,-62.5,1
11:25:33,-64.5,4
11:25:33,-64.0,4
11:25:33,-62.0,1
11:25:33,-62.0,1
11:25:33,-63.5,4
11:25:33,-65.0,4
11:25:33,-62.0,1
11:25:33,-62.0,1
11:25:33,-65.5,4
11:25:33,-65.0,4
11:25:33,-63.0,1
11:25:33,-62.5,1
11:25:33,-62.5,4
11:25:33,-62.5,4
11:25:33,-64.0,1
11:25:33,-63.5,1
11:25:33,-63.5,4
11:25:33,-67.0,4
11:25:33,-63.0,1
11:25:33,-63.0,1
11:25:33,-62.0,1
11:25:33,-61.5,1
11:25:33,-62.0,1
11:25:33,-61.5,1
11:25:33,-61.0,1
11:25:33,-61.5,1
11:25:34,-61.5,1
11:25:34,-62.0,1
11:25:34,-60.5,1
11:25:34,-60.0,1
11:25:34,-63.0,4
11:25:34,-63.5,4
11:25:34,-61.0,1
11:25:34,-61.0,1
11:25:34,-64.5,4
11:25:34,-64.5,4
11:25:34,-61.0,1
11:25:34,-61.5,1
11:25:34,-59.5,1
11:25:34,-60.0,1
11:25:34,-60.5,1
11:25:34,-61.0,1
11:25:34,-63.0,4
11:25:34,-63.5,4
11:25:34,-60.5,1
11:25:34,-60.5,1
11:25:34,-62.5,4
11:25:34,-63.5,4
11:25:34,-62.0,1
11:25:35,-61.5,1
11:25:35,-63.5,4
11:25:35,-63.0,4
11:25:35,-62.5,1
11:25:35,-63.5,1
11:25:35,-61.5,4
11:25:35,-61.0,4
11:25:35,-62.5,1
11:25:35,-63.0,1
11:25:35,-60.0,4
11:25:35,-61.5,4
11:25:35,-61.0,1
11:25:35,-61.0,1
11:25:35,-62.0,4
11:25:35,-61.0,4
11:25:35,-60.5,1
11:25:35,-61.0,1
11:25:35,-60.0,4
11:25:35,-60.0,4
11:25:35,-64.0,1
11:25:35,-64.5,1
11:25:35,-60.0,4
11:25:35,-60.0,4
11:25:35,-62.0,1
11:25:35,-61.5,1
11:25:35,-61.0,4
11:25:35,-61.5,4
11:25:35,-61.5,1
11:25:35,-61.0,1
11:25:36,-60.0,4
11:25:36,-60.5,4
11:25:36,-62.5,1
11:25:36,-63.0,1
11:25:36,-61.5,1
11:25:36,-62.0,4
11:25:36,-61.0,4
11:25:36,-62.0,1
11:25:36,-62.5,1
11:25:36,-61.0,4
11:25:36,-61.0,4
11:25:36,-62.0,1
11:25:36,-62.0,1
11:25:36,-61.0,4
11:25:36,-60.5,4
11:25:36,-63.0,1
11:25:36,-63.5,1
11:25:36,-63.5,4
11:25:36,-63.5,4
11:25:36,-60.5,1
11:25:36,-61.5,1
11:25:36,-63.0,4
11:25:36,-63.0,4
11:25:36,-63.0,1
11:25:36,-63.0,1
11:25:37,-62.5,4
11:25:37,-63.0,4
11:25:37,-63.0,1
11:25:37,-63.0,1
11:25:37,-62.5,4
11:25:37,-62.5,4
11:25:37,-64.0,1
11:25:37,-63.5,1
11:25:37,-62.0,4
11:25:37,-64.0,1
11:25:37,-64.0,1
11:25:37,-60.5,4
11:25:37,-60.5,4
11:25:37,-64.0,1
11:25:37,-63.5,1
11:25:37,-60.0,4
11:25:37,-61.0,4
11:25:37,-63.5,1
11:25:37,-63.0,1
11:25:37,-60.0,4
11:25:37,-60.5,4
11:25:37,-63.0,1
11:25:37,-63.0,1
11:25:37,-59.5,4
11:25:37,-59.0,4
11:25:37,-67.5,1
11:25:37,-67.5,1
11:25:37,-59.5,4
11:25:38,-61.5,4
11:25:38,-64.5,1
11:25:38,-64.0,1
11:25:38,-62.5,4
11:25:38,-63.5,4
11:25:38,-61.5,1
11:25:38,-62.0,1
11:25:38,-64.5,4
11:25:38,-65.0,4
11:25:38,-64.5,1
11:25:38,-64.5,1
11:25:38,-65.0,4
11:25:38,-67.5,1
11:25:38,-66.5,1
11:25:38,-64.5,1
11:25:38,-64.0,1
11:25:38,-61.5,1
11:25:38,-58.5,1
11:25:39,-62.0,1
11:25:39,-63.0,1
11:25:39,-63.5,1
11:25:39,-63.0,1
11:25:39,-59.5,1
11:25:39,-59.5,1
11:25:39,-63.5,4
11:25:39,-64.0,4
11:25:39,-60.5,1
11:25:39,-59.5,1
11:25:39,-63.0,4
11:25:39,-62.0,4
11:25:39,-59.0,1
11:25:39,-59.5,1
11:25:39,-61.5,4
11:25:39,-63.5,4
11:25:39,-63.0,1
11:25:39,-62.5,1
11:25:39,-56.5,4
11:25:39,-59.0,4
